No,이름,종류,원재료,알콜도수,용량,수상내역,맛,향,당도,산도,목넘김,기타,어울리는 음식,키워드,주소
1,1000억 유산균 막걸리,탁주,국내산쌀,5%,750ml,없음,감칠맛,복숭아향,높은당도,높은산도,청량감,,"전, 회무침과 잘 어울린다.",,강원도 횡성군 둔내면 현천리 120
2,11.5도 나루 생 막걸리,탁주,쌀/ 국/ 효모,12%,500ml,없음,감칠맛,바닐라향,높은당도,적당한산도,묵직함/부드러움,,아직 짝이 없어요!,,"서울특별시 성동구 둘레15길 12, 2층 한강주조"
3,1932 새싹땅콩+햅쌀/흑미,탁주,새싹땅콩+고시히카리쌀/새싹땅콩+진도산 흑미,6%,500ml/900ml,없음,신선한맛/고소한맛,,낮은당도,낮은산도,묵직함,흰색,마늘새우와 잘 어울린다.,,경기도 포천시 일동면 운악청계로 1597
4,2017년 햅쌀로 빚은 첫술,탁주, 햅쌀,7%,750ml,없음,쌀맛,쌀향,적당한당도,적당한산도,청량감/부드러움,,아직 짝이 없어요!,,강원도 횡성군 둔내면 강변로 975
5,6도 나루 생 막걸리,탁주,쌀/ 국/ 효모,6%,935ml,없음,,바닐라향/바나나향,적당한당도,적당한산도,묵직함/부드러움,,아직 짝이 없어요!,,"서울특별시 성동구 둘레15길 12, 2층 한강주조"
6,SSOA-포도,리큐르 및 기타주류,국내산 포도,5%,355ml,2014 대한민국우리술품평회 대상 (기타주류 부문),상큼한맛/ 포도맛,,,,청량감,,"피자, 치킨의 기름진 맛을 포도의 상큼함이 깔끔하게 만들어 준다.",,
7,The 찾을수록(복숭아맛),증류주,"사과와인, 정제수, 정제주정 외 제품별 농축액 (복숭아,청포도, 아메리카향)",14%,360ml,없음,,부드러운향,,,부드러움,,식중주보다는 가벼운 식후주로 스낵 등과 즐기기 좋다.,,
8,The 찾을수록(사과맛),증류주,"사과와인, 정제수, 정제주정 외 제품별 농축액 (사과, 생강, 감귤)",16%,360ml,없음,쓴맛,,,,묵직함,,아직 짝이 없어요!,,제주 제주시 애월읍 애언로 283
9,가야곡왕주,"약주,청주",쌀/ 야생 국화/ 구기자/ 오미자/ 솔잎/ 매실,13%,750ml,전통식품명인 제13호 남상란,쓴맛,약초향/ 조청향,낮은당도,낮은산도,깔끔함,담황색,갈비와 함께 먹으면 술의 다양한 맛과 향이 갈비의 이취도 없애주어 좋다.,,
10,가평 잣 생 막걸리,탁주,쌀/ 정제수/쌀입국/ 잣/ 효모/ 정제효소 등,6%,750ml,없음,고소한맛,쌀향,낮은당도,낮은산도,부드러움/가벼움,,반찬으로 나오는 우리음식과 모두 잘 어울린다.,,"경기 가평군 하면 대보간선로 26, 29"
11,감그린 레귤러,과실주, 감,12%, 750ml,"2005년 부산APEC정상회의 만찬주

제17~18대 대통령 취임 건배주",떫은맛,감향,적당한당도,적당한산도,,,기름진 음식/소고기류,,경북 청도군 풍각면 봉길1길27
12,감그린 스페셜,과실주, 감,12%, 750ml,"2005년 부산APEC정상회의 만찬주

제17~18대 대통령 취임 건배주",떫은맛,감향,적당한당도,적당한산도,,,아직 짝이 없어요!,,경북 청도군 풍각면 봉길1길27
13,감그린 아이스와인,과실주, 감,10%, 375ml,"2005년 부산APEC정상회의 만찬주

제17~18대 대통령 취임 건배주",떫은맛,아로마향,높은당도,적당한산도,,,치즈류,,경북 청도군 풍각면 봉길1길27
14,감사,"약주,청주",쌀(국내산 경기미 100%)/ 누룩/ 정제수,14%,375ml,없음,드라이한맛,과일향,적당한당도,적당한산도,,,"불고기,잡채",,경기도 용인시 처인구 양지면 죽양대로 2298-1
15,감사블루,"약주,청주",쌀(국내산 경기미 100%)/ 누룩/ 효모/ 정제수,14%,375ml,없음,곡물맛,과일향,적당한당도,적당한산도,부드러움,,아직 짝이 없어요!,,경기도 용인시 처인구 양지면 죽양대로 2298-1
16,감악산 산머루주,과실주, 머루원액 78.5%(경기 파주)/ 주정(국내산/ 수입산),12%, 360ml,없음,,과일향,낮은당도,적당한산도,,,양념된 고기류,,경기 파주시 적성면 객현리 67-1
17,감홍로,증류주,국내산 쌀,40%,400ml,전통식품명인 제43호 이기숙,,약재향,적당한당도,,부드러움,붉은색,"소고기육포, 대구포무침과 잘 어울린다.",,경기도 파주시 파주읍 부곡리 34 ? 7
18,감홍로 백자,증류주,"쌀(70%), 메조(30%), 용안육, 진피, 생강, 정향, 감초, 지초",40%,"400ml, 700ml",없음,,한약재향/은은한향/계피향,낮은당도,,부드러움,,"내포중탕, 녹두전과 같이 기름진 안주와도 잘 어울리며, 바닐라 아이스크림, 초코 케익과도 잘 어울린다.",,경기도 파주시 파주읍 부곡리 34-7
19,강소주,증류주,"국내산 쌀, 정제수",50%,"200ml / 1,800ml",없음,보리특유의크림같은맛,알코올향/ 달콤한향,높은당도,,깔끔함,,아직 짝이 없어요!,,충남 공주시 사곡면 마곡사로 49
20,걍즐겨,탁주,멥쌀/찹쌀/누룩/프렌치세종/석류/히비스커스,8%,600ml,없음,,과일향/베리향,,적당한산도,,,"피자,햄버거,후라이드치킨와 같은 캐주얼한 음식과 잘 어울린다.",,서울 강북구 삼양로 455
21,경성과하주,"약주,청주",국내산 찹쌀/ 국내산 누룩/ 증류원액,20%,375ml,없음,찹쌀맛,과일향,높은당도,적당한산도,부드러움/묵직함,,"맑은 장국 등 하고도 잘 어울린다. 맑은 소고기국, 미역국, 계란국 등도 좋은 매칭이다.",,"경기도 여주시 대신면 대신1로 120, 나호"
22,경주교동법주,"약주,청주",찹쌀,16%,900 ml,중요무형문화재 제86-3호,쓴맛,누룩향,적당한당도,적당한산도,,,"쇠고기육포, 북어포푸리, 사연지 등 우리전통안주와 함께 마시면 한결 운치가 있다.",,
23,계룡백일주,리큐르 및 기타주류,찹쌀/ 멥쌀/ 솔,40%,400ml,"전통식품명인 제4-가호 이성우

 시도무형문화재 충청남도 제7호",담백한맛/깔끔한맛,꽃향기/은은한향,,,부드러움,맑은색,불고기와 잘 어울린다.,,
24,계룡백일주 40%,증류주,"찹쌀,백미,누룩, 재래종국화꽃,오미자,진달래,재래종 솔잎",40%,600ml,없음,칼칼한맛/감칠맛,은은한향,,,부드러움,,"갈비구이, 생선회",,충청남도 공주시 봉정동 390
25,계룡산 산삼주 금수강산(21%),증류주,"산양산삼, 정제주, 주정",21%,740ml,없음,삼의쓴맛,산양삼향,,,,,삼계탕과 잘 어울린다.,,충남 논산시 연무읍 마종로 361
26,계룡산 산삼주 금수강산(40%),증류주,"산양산삼, 정제주, 주정",40%,740ml,없음,삼의쓴맛,산양삼향,,,,,삼계탕과 잘 어울린다.,,충남 논산시 연무읍 마종로 361
27,고도리 레드와인 스위트,과실주, MBA 머루포도(경북 영천),12%, 750ml,"2011년 대한민국 우리술품평회 과실주 부문 우수상

2015년 한국와인 베스트컬렉션 골드 수상

2016년 대한민국 주류대상 BEST OF BEST 수상

2017년 아시아와인트로피 실버상

2018년 대한민국주류대상 한국와인부문 대상",,과일향,,,,,"육회, 수육, 불고기",,
28,고도리 복숭아와인,과실주, 복숭아(경북 영천),6.50%, 750ml,"2011년 대한민국 우리술품평회 과실주 부문 우수상

2015년 한국와인 베스트컬렉션 골드 수상

2016년 대한민국 주류대상 BEST OF BEST 수상

2017년 아시아와인트로피 실버상

2018년 대한민국주류대상 한국와인부문 대상",,복숭아향,높은당도,,,,아직 짝이 없어요!,,경북 영천시 고경면 고도리 494-3
29,고도리 청수 와인,과실주, 포도(청수),10.50%, 750ml,"2011년 대한민국 우리술품평회 과실주 부문 우수상

2015년 한국와인 베스트컬렉션 골드 수상

2016년 대한민국 주류대상 BEST OF BEST 수상

2017년 아시아와인트로피 실버상

2018년 대한민국주류대상 한국와인부문 대상",포도맛,과일향,,높은산도,부드러움,,"닭고기, 오리고기, 생선회, 해물탕, 튀김류",,경북 영천시 고경면 고도리 494-3
30,고도리 화이트와인 드라이,과실주, 거봉포도(경북 영천),10.50%, 750ml,"2018년 대한민국주류대상 한국와인부문 대상

2017년 아시아와인트로피 실버상

2016년 대한민국 주류대상 BEST OF BEST

2015년 한국와인 베스트컬렉션 골드

2011년 대한민국 우리술품평회 과실주 부문 우수상",,과일향,,높은산도,깔끔함,,"광어, 우럭, 기름기가 적은 생선회",,경북 영천시 고경면 고도리 494-3
31,고도리 화이트와인 스위트,과실주, 거봉포도(경북 영천),10.50%, 750ml,"2011년 대한민국 우리술품평회 과실주 부문 우수상

2015년 한국와인 베스트컬렉션 골드 수상

2016년 대한민국 주류대상 BEST OF BEST 수상

2017년 아시아와인트로피 실버상

2018년 대한민국주류대상 한국와인부문 대상",,과일향,낮은당도,높은산도,,,아직 짝이 없어요!,,경북 영천시 고경면 고도리 494-3
32,고소리술,증류주,"제주산 좁쌀53%, 국내산 쌀 47%","29%, 40%","29% ? 750ml , 40% ? 375ml / 400ml","2011 대한민국우리술품평회 대상 (증류식소주 부문)

 2012 대한민국우리술품평회 최우수상 (증류식소주 부문)

 2013 대한민국우리술품평회 대상 (증류식소주 부문)

 2014 IWSC 동상

 2014 Monde-selection 금상

 2014 대한민국우리술품평회 대상 (증류식소주 부문)",깔끔한맛/감칠맛/구수한맛/거친맛/매운맛,배꽃향/달콤한향,적당한당도,,부드러움,,육류구이와 잘 어울린다.,,제주 제주시 애월읍 애언로 283
33,고운달 백자,증류주,오미자(문경산),52%,500ml,없음,오미자맛,오미자향/ 허브향,적당한당도,,부드러움,,"가벼운 샐러드나 견과류, 육포 등이 좋다.",,경북 문경시 문경읍 새재로 609
34,고운달 오크,증류주,오미자(문경산),52%,500ml,없음,,초콜릿향/ 커피향/ 오미자향,,,부드러움,,"아몬드. 초콜릿, 올리브, 견과류, 육포 등을 추천한다. ",,경북 문경시 문경읍 새재로 609
35,고창선운산 땡큐복분자주,과실주, 복분자과실/ 주정/ 효모/ 구연산/ 정제수,13%, 300ml,없음,쓴맛,복분자향,높은당도,,깔끔함,,장어 구이,,전북 고창군 심원면 심원로 270-73
36,고창선운산 땡큐블루베리주,과실주,블루베리과실/ 주정/ 효모/ 구연산/ 정제수,13%, 300ml,없음,쓴맛,블루베리향,적당한당도,적당한산도,가벼움,,고기류/치즈류,,전북 고창군 심원면 심원로 270-73
37,고창선운산 복분자주 특1호,과실주, 복분자과실/ 주정/ 효모/ 구연산/ 정제수,15%, 1800ml,없음,쓴맛,복분자향,높은당도,,깔끔함,,장어 구이,,전북 고창군 심원면 심원로 270-73
38,고향생막걸리,탁주,쌀,6%,750ml,2010 대한민국우리술품평회 장려상 (생막걸리 부문),,,적당한당도,,부드러움,적은숙취,"김치와 돼지고기, 각종야채가 들어간 김치잡채가 잘 어울린다.",,
39,고향인삼막걸리,탁주,쌀90%/ 인삼10%,6%,750ml,2010 대한민국우리술품평회 우수상 (살균막걸리부문),인삼맛,인삼향,,,부드러움,적은숙취,고등어조림. 인삼 특유의 맛과 향이 고등어의 비린 맛을 없애주어 더욱 어울린다.,,
40,공주알밤 왕밤주,리큐르 및 기타주류,공주밤/ 백미/ 아스파탐,6%,750ml,없음,순한맛,밤향,적당한당도,,부드러움,,공주국밥하고 좋은 매칭이다.,,충남 공주시 사곡면 마곡사로 49
41,공주애 오디와인,과실주, 국내산 오디/ 정제수/ 주정/ 과당/ 효모,15%, 375ml,없음,쓴맛,,높은당도,,부드러움,붉은 빛,장어구이,,충남 공주시 사곡면 마곡사로 49
42,광양 생 막걸리,탁주,정제수/ 밀가루/ 물엿(외국산)/ 햅쌀/ 입국/ 설탕/ 곡자(누룩)/ 아스파탐/ 정제효소/ 효모/ 젖산/ 액화효소,5%,750ml,없음,깔끔한맛/깊은맛,,,,부드러움,,"전, 두부김치, 골뱅이 소면무침 등과 잘 어울린다.",,전남 광양시 광양읍 예구8길 13-4
43,광양 생 막걸리 골드,탁주,정제수/쌀/ 입국/ 곡자/ 아스파탐/ 정제효소/ 효모/ 젖산/ 액화효소,5%,750ml,없음,깔끔한맛,,,,부드러움/청량감,,"치킨, 피자, 치즈 등과 어울린다.",,전남 광양시 광양읍 예구8길 13-4
44,구암대추막걸리,탁주,쌀/ 대추,6%,1000ml,2010 대한민국우리술품평회 대상 (살균막걸리 부문),고소한맛,대추향,적당한당도,적당한산도,부드러움,,매콤한 오징어 양념구이와 잘 어울린다.,,
45,국순당 생막걸리 대박,탁주,쌀,6%,700ml,없음,,과일향,적당한당도,적당한산도,부드러움/청량감,유백색,돼지고기 등의 수육과 잘 어울린다.,,강원도 횡성군 둔내면 현천리 120
46,국순당 이화주,탁주,이화누룩/쌀,13%,400ml,없음,깊은맛/곡물맛,,높은당도,높은산도,걸쭉함/부드러움,떠먹는술/흰색,특별한 안주가 필요 없이 먹을 수 있지만 디저트 술로 적당하다.,,강원도 횡성군 둔내면 현천리 120
47,그랑꼬또 M56,과실주, 포도,12%, 750ml,없음,상큼한맛/떫은맛,과일향/장미향,낮은당도,높은산도,부드러움,,양념된 고기류,,경기도 안산시 단원구 뻐꾹산길 107(대부북동)
48,그랑꼬또 레드와인,과실주, 국내산 포도 (캠벨얼리),12%, 750ml/375ml,없음,상큼한맛,과일향,높은당도,높은산도,,,삼겹살/보쌈/김치전/아구찜/매콤한 볶음요리,,경기도 안산시 단원구 뻐꾹산길 107(대부북동)
49,그랑꼬또 로제와인,과실주, 포도,12%, 750ml,없음,떫은맛,,높은당도,,청량감/깔끔함,,해산물류,,경기도 안산시 단원구 뻐꾹산길 107(대부북동)
50,그랑꼬또 청수,과실주, 포도,12%, 750ml,"2014 아시아 와인 트로피' 실버 메달

2016년 대한민국 우리술품평회 과실주부문 최우수상",,과일향,,,청량감,,해산물류,,경기도 안산시 단원구 뻐꾹산길 107(대부북동)
51,금산인삼주,"약주,청주",국내산쌀 93.5%/ 국내산인삼 6.5%,13%,360ml,"전통식품명인 제2호 김창수

 2010 대한민국우리술품평회 대상 (약주/청주 부문)",쓴맛,인삼향,낮은당도,적당한산도,가벼움,,고사리나물의 부드러운 식감과 구수함은 금산인삼주의 은은한 향과 풍미를 살려준다.,,
52,금산인삼주 수삼 500,증류주,"국내산 쌀, 국내산 인삼",43%,500ml,"전통식품명인 제2호 김창수

 2011 대한민국우리술품평회 장려상 (일반증류주 부문)",,인삼향,,,,,생선회와 잘 어울린다.,,충남 금산군 금성면 파초길 23
53,금삼인삼백주,증류주,"국내산쌀 95.8%, 국내산 인삼 4.2%",43%,500ml,"전통식품명인 제2호 김창수

 시도무형문화재 충청남도 제19호",,인삼향,,,부드러움,,문어회와 잘 어울린다.,,충남 금산군 금성면 파초길 23
54,금정산성막걸리,탁주,쌀,8%,750ml,없음,구수한맛,,낮은당도,높은산도,가벼움,,"파전, 두부김치",,부산 금정구 산성로 453
55,금휘,증류주,"국내산 쌀, 황기, 금나노화된 황금물",35%,500ml,2013 대한민국우리술품평회 우수상 (일반증류주 부문),깔끔한맛,주향,,,부드러움,,류산슬과 잘 어울린다.,,충청북도 제천시 송학면 송한리 477-3번지
56,김천과하주(16%),"약주,청주",국내산 찹쌀,16%,700ml,"전통식품명인 제17호 송강호

 시도무형문화재 경상북도 제11호",찹쌀맛,,낮은당도,낮은산도,,황갈색,삼겹살 또는 목살요리가 안주로 어울린다.,,
57,김천과하주(23%),리큐르 및 기타주류,국내산 토종멥쌀,23%,700ml,"전통식품명인 제17호 송강호

 시도무형문화재 경상북도 제11호",곡주맛,곡주향,적은당도,적당한산도,부드러움,황갈색,"고추장양념불고기, 삼겹살구이와 잘 어울린다.",,경상북도 김천시 대항면 괘방령로 1178-4
58,김포 막걸리,탁주,쌀/ 누룩/ 정제수,6%,750ml,없음,감칠맛/쓴맛,,적당한당도,높은산도,청량감/부드러움/가벼움,,파전과 잘 어울린다.,,경기도 김포시 월곶면 김포대로 2763
59,김포별주,"약주,청주",쌀/ 옥수수 전분/ 국/ 효모/ 젖산/ 효소제/ 정제수,13%,500ml,없음,감칠맛,과일향,적당한당도,적당한산도,부드러움/깔끔함,황금빛,주꾸미 볶음과 잘 어울린다.,,경기도 김포시 월곶면 김포대로 2763
60,김포약주,"약주,청주",소맥분/ 옥전분,11%,750ml,2011 대한민국우리술품평회 장려상 (약주/청주 부문),감칠맛,과일향,적당한당도,적당한산도,부드러움,,특유의 곡주발효향이 풍미를 더하고 빈대떡의 약간 느끼한 맛도 감해주어 술맛이 더욱 살아난다.,,
61,김포약주(김포양조),"약주,청주",옥수수 전분/ 밀/ 국/ 효모/ 젖산/ 효소제/ 정제수,11%,750ml,없음,가벼운맛,달콤한향,적당한당도,적당한산도,가벼움,황금빛,닭백숙 등 양념되지 않은 고기류와 잘 어울린다.,,경기도 김포시 월곶면 김포대로 2763
62,김포예주,"약주,청주",국내산 쌀/ 옥전분,13%,750ml,"2013 대한민국우리술품평회 최우수상 (약주/청주 부문)

 2014 SIWC 동상

 2014 Monde-selection 은상",고소한맛/ 쓴맛,곡물향/ 과일향,낮은당도,낮은산도,부드러움/ 묵직함,황금빛,"숭어회, 회무침, 매운탕이 잘 어울린다.",,
63,김포예주 프리미엄,"약주,청주",국내산 쌀/ 국/ 효모/ 젖산/ 정제수,13%,750ml,없음,고소한맛/ 쓴맛,,적당한당도,,,호박색,불고기와 잘 어울린다.,,경기도 김포시 월곶면 김포대로 2763
64,김포특주,"약주,청주",국내산 쌀/ 효모/ 정제효소/정제수/ 프락토올리고당,15%,375ml,없음,발효맛/가벼운맛,발효향,높은당도,높은산도,부드러움,,"감자탕, 김치찌개, 청국장, 매운 제육볶음 등과 잘 어울린다.",,경기도 김포시 하성면 하성로 622
65,꿀막걸리,탁주,쌀/ 벌꿀/ 사과농축액/ 효모/ 정제효소,8%,750ml,없음,고소한맛/쓴맛,유자향,,적당한산도,부드러움/묵직함,,양념 갈비와 잘 어울린다.,,전라남도 장성군 장섭읍 남양촌길 19
66,나 와인,리큐르 및 기타주류,국내산 찹쌀 100%,10%,500ml,2010 대한민국우리술품평회 우수상 (기타주류 부문),상쾌한맛,,,,부드러움/ 청량감,,주꾸미 참나물무침과 잘 어울린다.,,
67,남한산성소주,증류주,"쌀, 엿, 누룩",40%,400ml,시도무형문화재 경기도 제13호,고린맛,구수한향/달콤한향/불향,높은당도,,부드러움,,송이한우구이와 잘 어울린다.,,경기도 광주시 곤지암읍 연곡리 51
68,너와머루와인,과실주, 머루100%,12%, 500ml/750ml,2013 박근혜대통령 취임식 만찬주,떫은맛,,적당한당도,적당한산도,,,너비아니/치즈떡갈비,,
69,노미,"약주,청주",국내산 찹쌀/ 국내산 쌀,18%,700ml,2010 대한민국우리술품평회 최우수상 (약주/청주 부문),,,높은당도,,부드러움,,부드럽고 감칠맛 나는 노미의 뒷맛이 육회의 맛을 한층더 살려준다.,,
70,녹파주,"약주,청주",국내산 찹쌀/ 멥쌀/ 누룩/ 정제수,15%,375ml,없음,은은한맛,은은한향,적당한당도,낮은산도,부드러움,,"녹파주가 나오는 경남 함양에서는 드넓은 연꽃 밭에서 나오는 연잎밥이 유명한데, 같이 즐기기에 충분히 매력적인 궁합이다.",,경상남도 함양군 지곡면 지곡창촌길 3
71,느린마을 증류주,증류주,쌀(국내산),17%,360ml,없음,깨끗한맛,은은한향,,,부드러움,,수육 그리고 회나 해산물과 곁들이면 부드러운 향을 함께 느낄 수 있다.,,경기도 포천시 화현면 화현리 512
72,느린마을막걸리-가을,탁주,쌀,6%,750ml,2014 대한민국우리술품평회 우수상 (생막걸리 부문),깊은맛,,적당한당도,,,흰색,"전류, 두부김치와 잘 어울린다.",,
73,느린마을막걸리-겨울,탁주,쌀,6%,750ml,2014 대한민국우리술품평회 우수상 (생막걸리 부문),담백한맛,,적당한당도,적당한산도,,흰색,"전류, 두부김치와 잘 어울린다.",,
74,느린마을막걸리-봄,탁주,쌀,6%,750ml,2014 대한민국우리술품평회 우수상 (생막걸리 부문),,,높은당도,,,흰색,"전류, 두부김치와 잘 어울린다.",,
75,느린마을막걸리-여름,탁주,쌀,6%,750ml,2014 대한민국우리술품평회 우수상 (생막걸리 부문),,,높은당도,적당한산도,,흰색,"전류, 두부김치와 잘 어울린다.",,
76,능이주,"약주,청주",국내산 쌀/ 능이농충액/ 누룩/ 정제수,13%,375ml,없음,버섯맛,버섯향/ 무화과향,,적당한산도,부드러움/가벼움/깔끔함,호박색,버섯을 살짝 구워 함께 마시는 것이 좋다.,,충남 논산시 연무읍 마종로 361
77,니모메,"약주,청주",쌀/ 감귤 진피/ 정제수,11%,375ml,없음,상큼한맛/은은한맛,고구마향/귤향,낮은당도,낮은산도,부드러움/가벼움,황금빛,흰 살 생산 회와 잘 어울린다.,,제주 제주시 애월읍 애언로 283
78,담솔,리큐르 및 기타주류,백미(함양산) 90%/ 솔잎·송순(함양산) 10%,40%,500ml / 750ml,"전통식품명인 제27호 박흥선

 2010 대한민국우리술품평회 최우수상 (리큐르 부문)

 2011 대한민국우리술품평회 최우수상 (리큐르 부문)

 2012 대한민국우리술품평회 최우수상 (리큐르 부문)

2013 대한민국우리술품평회 우수상 (리큐르 부문)",감칠맛,송순향/ 솔잎향,적당한당도,,부드러움,,"삼겹살 구이, 돼지양념 단호박찜과 잘 어울린다.",,경상남도 함양군 지곡면 지곡창촌길 3
79,담은,탁주,포천시 최고급쌀,6%,750ml,없음,,발효향,적당한당도,낮은산도,부드러움,흰색,매콤한 해물찜,,경기도 포천시 일동면 운악청계로 1597
80,대대포 막걸리,탁주, 쌀,6%,750 ml,2019 우리술,쓴맛/깔끔한맛/감칠맛,쌀향,적당한당도,낮은산도,텁텁함/청량감,적은숙취,"시원하고 아삭한 오이소박이, 오이 달걀 볶음, 소고기 오이 볶음",,
81,대잎술,증류주,"쌀, 누룩, 댓잎, 솔잎, 진피, 갈근, 오미자, 구기자, 죽력 등",12%,300ml,없음,,꽃향,적당한당도,적당한산도,가벼움,,스테이크와 잘 어울린다.,,전남 담양군 용면 추령로 29
82,대통주,"약주,청주",국내산 쌀/ 국내산 매실농축액/ 국내산 대나무잎,11%,360ml,"2012 대한민국우리술품평회 대상 (약주/청주 부문)

 2013 SIWC 동상

 2013 IWSC 동상

 2013 NYWSC 동상",새콤한맛,매실향,적당한당도,적당한산도,,,닭갈비구이와 잘 어울린다.,,전남 담양군 용면 추령로 29
83,대포막걸리,탁주,쌀,7%,425ml,2010 대한민국우리술품평회 장려상 (살균막걸리 부문),,,높은당도,낮은산도,깔끔함/부드러움,적은숙취,북어포무침은 담백한 대포막걸리에 북어의 구수한맛과 양념이 잘 어울린다.,,경기도 포천시 화현면 화현리 512
84,도문대작 생막걸리,탁주,강릉쌀/ 누룩/ 갯방풍나물/ 정제수,10%,750ml,없음,쓴맛,발효향,낮은당도,적당한산도,묵직함,두유색,갈비찜과 잘 어울린다.,,강원도 강릉시 미노길 103
85,동강 더덕술,리큐르 및 기타주류,국내산 더덕,20%,360ml,2012 대한민국우리술품평회 우수상 (리큐르 부문),깔끔한맛/ 더덕맛,더덕향,,,,,매콤 달콤한 양념을 발라 팬에 구운 더덕구이와 잘 어울린다.,,
86,동몽,"약주,청주",홍천 쌀/ 정제수/ 단호박/ 국(밀 누룩),17%,500ml,없음,감칠맛,,,,묵직함,,두부전골과 잘 어울린다.,,강원도 홍천군 내촌면 물걸리 508-2
87,동정춘,탁주,쌀/ 누룩/ 정제수,8%,500ml,없음,고소한맛,바닐라향,높은당도,낮은산도,부드러움,아이보리색,갈비찜 등 단맛이 약간 있는 음식들과 잘 어울린다.,,강원도 홍천군 화촌면 야시대로 211-57
88,두레앙,증류주,국내산 포도,35%,750ml,"2011 대한민국우리술품평회 대상 (일반증류주 부문)

 2014 대한민국우리술품평회 최우수상 (일반증류주 부문)",깔끔한맛/신선한맛,포도향,,,부드러움,화려한색,버섯 월남쌈과 잘 어울린다.,,충청남도 천안시 서북구 입장면 신두리 42-14
89,두레앙브랜디,증류주,거봉포도,35%,750ml,"2015대한민국 우리술 품평회(기타주류부문)두레앙브랜디 최우수상수상

2016년 몽드셀렉션(브랜디)브론즈상수상",깔끔한맛,오크향/포도껍질향,,,묵직함,미색,"과일, 육류",,충남 천안시 서북구 입장면 율목길17-6
90,두레앙와인,과실주, 거봉포도,12%, 750ml,"2009 한국 전통주 품평회 수상

2011 대한민국 우리술 품평회 수상

2015 몽드셀렉션 수상",감칠맛,포도향,적당한당도,적당한산도,,,"육류,치즈",,충남 천안시 서북구 입장면 율목길17-6
91,두레앙증류주,증류주,거봉포도,35%,750ml,2007년 대한민국 주류품평회(국세청) 입선  2009년 한국 전통주 품평회(증류식소주부문)은상수상 2011년 대한민국 우리술 품평회 (일반증류주부문)대상수상 2015몽드셀렉션(일반증류주)골드상수상 2016대한민국 우리술 품평회(일반증류주부문) 최우수상수상 2016년몽드셀렉션(일반증류주)골드상수상,깔끔한맛,포도향,높은당도,,부드러움,,"육류,생선",,충남 천안시 서북구 입장면 율목길17-6
92,라이코펜 토마토와인,리큐르 및 기타주류,국내산 토마토,12%,350ml / 500ml,2011 대한민국우리술품평회 장려상 (기타주류 부문),쌉쌀한맛/ 토마토맛,,적당한당도,,부드러움,,골뱅이무침과 잘 어울린다.,,
93,레드 와인 500,과실주, 친환경 거봉 포도,12%, 500ml,"2011년 대한민국 우리술품평회 과실주 부문 우수상

2015년 한국와인 베스트컬렉션 골드 수상

2016년 대한민국 주류대상 BEST OF BEST 수상

2017년 아시아와인트로피 실버상

2018년 대한민국주류대상 한국와인부문 대상",,과일향,,,부드러움,,"돼지갈비, 갈비찜, 매운 한식",,경북 영천시 고경면 고도리 494-3
94,레드듀 RED DEW,과실주, 무농약머루,13%, 750ml,2011 대한민국우리술품평회 최우수상 (과실주 부문),,,높은당도,높은산도,묵직함,,파스타,,
95,려,증류주,"고구마(여주산 100%), 쌀(여주산 100%)",25%,375ml/500ml,없음,감칠맛,향긋한향,,,부드러움,,양념이 과하지 않은 음식과 잘 어울린다.,,강원도 횡성군 둔내면 현천리 120
96,로아40 레드,증류주,사과소주원액,40%,350ml,없음,상큼한맛,사과향,,,,맑고 투명함,아직 짝이 없어요!,,경기도 화성시 정남면 서봉로 835
97,로아40 옐로우,증류주,"쌀(국산), 배(국산)",40%,350ml,없음,담백한맛/ 배맛,배향,,,,투명함,갈치젓 등 젓갈류,,경기도 화성시 정남면 서봉로 835
98,로얄 안동소주,증류주,국내산 쌀,45%,600ml / 800ml,"2012 대한민국우리술품평회 장려상 (증류식소주 부문)

 2013 대한민국우리술품평회 최우수상 (증류식소주 부문)

 2014 대한민국우리술품평회 최우수상 (증류식소주 부문)

 2014 SWSC 은상2014 IWSC 금상

 2014 Monde-selection 금상",깔끔한맛/감칠맛,,,,,적은숙취,삼겹살찜과 잘 어울린다.,,경상북도 안동시 남후면 큰광음길 107
99,로제 와인 750,과실주, 친환경 GAP 거봉포도,12%, 750ml,"2011년 대한민국 우리술품평회 과실주 부문 우수상

2015년 한국와인 베스트컬렉션 골드 수상

2016년 대한민국 주류대상 BEST OF BEST 수상

2017년 아시아와인트로피 실버상

2018년 대한민국주류대상 한국와인부문 대상",,,낮은당도,,,핑크빛,생선류/닭고기류,,경북 영천시 고경면 고도리 494-3
100,로제와인,과실주,포도,12%,550ml,2019 우리술 품평회 과실주 부문 우수상,,머루향,높은당도,높은산도,부드러운 목넘김,장미빛,아직 짝이 없어요!,,충북 영돈군 학산면 모리 1길 23
101,만강에 비친 달,탁주,찹쌀/단호박,10%,500ml,없음,,호박향,낮은당도,적당한산도,부드러움,아이보리색,찌개류,,강원도 홍천군 내촌면 물걸리 508-2
102,만남의장소,탁주,멥쌀/ 밀누룩/ 꿀/ 건포도/ 레몬/ 생강/ 후추/ 효모,12%,750ml,없음,,로즈메리향/생강향,높은당도,,묵직함,,기름진 생선회나 강렬한 한국요리들과 어울린다.,,
103,만품 산삼가득,"약주,청주",국내산쌀(경기미)/ 국내 산양산삼,13%,350ml,"2012 대한민국우리술품평회 우수상 (약주/청주 부문)

 2014 대한민국우리술품평회 대상 (약주/청주 부문)",깔끔한맛/ 산삼맛,산삼향,,,,,담백한 흰살생선전과 잘 어울린다.,,
104,매실원주,과실주, 매실,15%, 300ml,없음,,매실향/박하향,높은당도,,묵직함/부드러움,담황색,양념된 고기류,,서울시 은평구 증산로7길 28-13
105,매실원주 허니,리큐르 및 기타주류,국내산 황매 80%/ 청매 20%,"13%, 15%, 20%",300ml,"2012 Monde-selection 금상

 2013 Monde-selection 금상

 2013 대한민국우리술품평회 대상 (리큐르 부문)

 2013 SWSC 은상

 2014 SWSC 은상

 2014 IWSC 은상

 2014 Monde-selection 금상",매실맛/ 깔끔한맛,매실향,,,,,수육과 서로 잘 어울린다.,,
106,매실탁테일,리큐르 및 기타주류,국내산 백미/ 매실천연과즙,7%,375ml,2011 대한민국우리술품평회 최우수상 (기타주류 부문),,,,,깔끔함,,연어샐러드와 잘 어울린다.,,경기도 화성시 정남면 서봉로 835
107,매아랑,리큐르 및 기타주류,국내산 매실,10.70%,750ml,2013 대한민국우리술품평회 장려상 (기타주류 부문),깔끔한맛/ 산뜻한맛,매실향,적당한당도,,부드러움,황금빛,"해물파전오징어, 조갯살 등을 넣은 해물파전",,
108,매화마름 호랑이 막걸리,탁주,쌀,7%,375ml,없음,,꽃향/새콤한향/달콤한향,높은당도,적당한산도,부드러움/ 묵직함,,파전,,경기도 화성시 정남면 서봉로 835
109,머루드서,과실주, 국내산 산머루 100%,12%, 300ml,2010 대한민국우리술품평회 대상,떫은맛,과일향,,,,,기름기 많은 구이류,,경기 파주시 적성면 객현리 67-1
110,머루이야기,과실주, 국내산 머루 (전북 무주),12%, 350ml,2013 대한민국우리술품평회 우수상 (과실주 부문),,,높은당도,높은산도,,,양념된 고기류,,
111,메로니아,탁주,쌀/ 물엿/ 합성착향료(메론향)/ 효모/ 국/ 혼합제제/ 아스파탐/ 젖산/ 합성 향료(밀크향)/ 효소처리스테비아/ 멜론농축액,4%,750ml,없음,메론맛,메론향,높은당도,,부드러움,녹색,아직 짝이 없어요!,,경기도 화성시 정남면 서봉로 835
112,면천두견주,"약주,청주",국내산 찹쌀/ 누룩/ 국내산 진달래꽃,18%,360ml / 700ml,중요무형문화재 제86-2호,감칠맛,진달래향,적당한당도,낮은산도,부드러움,담황갈색빛,두부샐러드는 술안주로 좋은 음식이다.,,
113,명인안동소주(22%),증류주,"쌀(국내산), 누룩, 정제수",22%,360ml,없음,깔끔한맛,은은한향/깊은향,,,부드러움,,간고등어 구이,,경북 안동시 풍산읍 산업단지6길 6
114,명인안동소주(35%),증류주,국내산 쌀,35%,360ml,"전통식품명인 제6호 박재서

 2010 대한민국우리술품평회 최우수상 (증류식소주 부문)

 2011 대한민국우리술품평회 최우수상 (증류식소주 부문)

 2012 대한민국우리술품평회 대상 (증류식소주 부문)

 2013 IWSC 은상

 2013 SWSC 금상

 2013 NYWSC 은상

 2014 IWSC 은상

 2014 SWSC 은상

 2014 Monde-selection 금상",깔끔한맛/감칠맛,은은한향,,,부드러움,,"소고기 육회, 생선회, 목살양념단호박찜과 잘 어울린다.",,경북 안동시 풍산읍 산업단지6길 6
115,명인안동소주(45%),증류주,국내산 쌀,45%,400ml / 600ml / 800ml,"전통식품명인 제6호 박재서

 2010 대한민국우리술품평회 최우수상 (증류식소주 부문)

 2011 대한민국우리술품평회 최우수상 (증류식소주 부문)

 2012 대한민국우리술품평회 대상 (증류식소주 부문)

 2013 IWSC 은상

 2013 SWSC 금상

 2013 NYWSC 은상

 2014 IWSC 은상

 2014 SWSC 은상

 2014 Monde-selection 금상",깔끔한맛/감칠맛,은은한향,,,부드러움,,"소고기 육회, 생선회, 목살양념단호박찜과 잘 어울린다.",,경북 안동시 풍산읍 산업단지6길 6
116,명작복분자,과실주, 복분자,13%, 375ml,"2014 대한민국우리술품평회 우수상 (과실주 부문)

2010 대한민국우리술품평회 우수상 (과실주 부문)",,,높은당도,높은산도,,,장어구이,,
117,명품홍주,증류주,"쌀, 지초",38,375ml,없음,,,,,부드러움/ 깔끔함,붉은빛/적은숙취,조개찜 등과 잘 어울린다.,,전남 진도군 군내면 둔전리 98
118,모월 연,"약주,청주",국내산 쌀/ 밀누룩(국산),13%,500ml,없음,상큼한맛/ 깔끔한맛/ 쓴맛,곡물향,낮은당도,낮은산도,깨끗함,,아직 짝이 없어요!,,강원도 원주시 판부면 판부신촌길 84
119,모월 인,증류주,"국내산 쌀, 밀누룩(국산)",41%,500ml,없음,깔끔한맛,깔끔한향/ 쌀향,,,부드러움,,아직 짝이 없어요!,,강원도 원주시 판부면 판부신촌길 84
120,무주구천동머루와인,과실주, 머루,12%, 750ml,없음,,,높은당도,낮은산도,,,고기류,,전북 무주군 안성면 장무로 1375-7
121,무주구천동산머루주,과실주, 머루,16%, 750ml/360ml,없음,,,높은당도,낮은산도,,,고기류,,전북 무주군 안성면 장무로 1375-7
122,문경바람 오크,증류주,사과(문경산),40%,750ml / 375ml,없음,,오크향/ 사과향,,,부드러움,,"아몬드. 초콜릿, 올리브, 견과류, 육포 등을 추천한다",,서울특별시 은평구 증산로7길 28-13
123,문배술,증류주,"국내산 찰수수, 국내산 메조",40%,500ml / 1000ml,"전통식품명인 제7호 이기춘

 중요무형문화재 제86-1호

 1990 남북총리급회담 만찬주

 

 2000 남북정상회담 만찬주

 2007 남북정상회담 만찬주

 2007 대한민국우리술품평회 금상 (증류식소주 부문)

 2011 대한민국우리술품평회 장려상 (증류식소주 부문)",감칠맛/배맛/구수한맛/곡물맛,문배나무향/배향,적당한당도,,부드러움,,"평양식 녹두지짐, 참숭어회와 잘 어울린다.",,경기도 김포시 통진읍 서암리 203-4
124,문배술 헤리티지(40%),증류주,"메조,찰수수,쌀",40%,200ml,없음,맑고청아한맛,과일향/곡향/알코올향,,,부드러움,투명함,활어회,,경기 김포 통진 검암2로15번길 27
125,문배술 헤리티지(25%),증류주,"메조,찰수수,쌀",25%,375ml,없음,맑고청아한맛,과일향/곡향/알코올향,,,부드러움,투명함,복지리,,경기 김포 통진 검암2로15번길 27
126,문희 탁주,탁주,쌀,13%,700ml,없음,진한맛,그윽한향/과일향,적당한당도,낮은산도,묵직함,,아직 짝이 없어요!,,경상북도 문경시 동로면 노은리 192번지
127,미나리 생막걸리,탁주,쌀/  무농약 미나리추출액,6%,750ml,"2013 대한민국우리술품평회 대상 (생막걸리 부문)

 2014 SIWC 동상

 2014 Monde-selection 금상",,,적당한당도,적당한산도,부드러움,적은숙취,"생 미나리 두부무침 등, 미나리를 활용한 안주와 잘 어울린다.",,
128,미담,탁주,쌀,6%,750ml,2010 대한민국우리술품평회 최우수상 (생막걸리 부문),감칠맛/진한맛,,높은당도,,청량감,적은숙취,두부김치와 잘 어울린다.,,
129,미르,증류주,"쌀(국내산 경기미 100%), 누룩, 정제수","25%, 40%, 54%",375ml,없음,낄끔한맛,산뜻한향,낮은당도,,부드러움,,"중화요리, 김치찌개, 삼겹살",,경기도 용인시 처인구 양지면 죽양대로 2298-1
130,미몽,탁주,쌀/  인삼,7%,360ml,없음,,,적당한당도,적당한산도,깔끔함,,아직 짝이 없어요!,,
131,미소 생막걸리,탁주,쌀/ 누룩/ 정제수,7%,750ml,없음,개운한맛,고소한향,적당한당도,적당한산도,청량감,,대게 또는 홍게찜,,경상북도 울진군 근남면 노음2길 4
132,미쓰리(me3) 그린,탁주,쌀/ 유자과즙,3%,350ml,없음,깔끔한맛/과일맛,과일향,높은당도,,부드러움/깔끔함,,아직 짝이 없어요!,,
133,미인약주,"약주,청주",찹쌀/ 누룩/ 정제수,15%,500ml,없음,깔끔한맛,과일향,낮은당도,적당한산도,부드러움/가벼움,황금빛,골뱅이나 홍어 무침 등 약간 산뜻한 맛이 있는 음식과 잘 어울린다.,,경기도 파주시 법원읍 사임당로 763
134,미인탁주,"약주,청주",찹쌀/ 누룩/ 정제수,10%,500ml,없음,깔끔한맛/ 곡물맛,인삼향,적당한당도,낮은산도,부드러움,아이보리색,돼지고기 등의 수육과 잘 어울린다.,,경기도 파주시 법원읍 사임당로 763
135,민들레대포,"약주,청주",쌀/ 누룩/ 민들레,13%,330ml,"2008 SWSC 동상

 2011 대한민국우리술품평회 대상 (약주/청주 부문)",,민들레향,적정한당도,,부드러움,,당면대신 콩나물을 넣은 콩나물잡채가 잘 어울린다.,,
136,밤꽃향기,"약주,청주",국내산 쌀/ 밤/ 누룩/ 정제수,14%,375ml,없음,,밤향/고소한향,,,부드러움,,공주국밥하고 좋은 매칭이다.,,충남 공주시 사곡면 마곡사로 49
137,배꽃 필 무렵,탁주,맵쌀/잣잎추출물,14%,2ml,없음,,발효향,높은당도,높은산도,걸쭉함,떠먹는술,디저트술,,강원도 홍천군 내촌면 물걸리 508-2
138,배꽃담은연,탁주, 쌀 26.1%/ 효모 0.07%/ 젖산 0.05%/ 젱제수 72.31%,10%,720ml,우리술품평회 탁주부문 우수상,깔끔한맛,신선한향,적당한당도,적당한산도,청량감/가벼움,,"식전에 입가심을 하기에 좋고, 한식과 잘 어울리는 막걸리 탁주입니다.",,
139,백년친구 쌀막걸리,탁주,쌀,6%,750ml,2012 대한민국우리술품평회 장려상 (생막걸리 부문),깔끔한맛,,적당한당도,적당한산도,부드러움/깔끔함,,막걸리의 부드러운 목 넘김과 은은한 향을 가지나물이 잘 지켜준다.,,
140,백년친구 풍기홍삼막걸리,탁주,쌀/ 홍삼,6%,750ml / 900ml,2012 대한민국우리술품평회 최우수상 (살균막걸리 부문),쓴맛,홍삼향,,,부드러움/깔끔함,,애호박전과 잘 어울린다.,,
141,백련 맑은술,"약주,청주",백미/ 정제수/ 물엿/ 과당/ 누룩/ 백련잎/ 누룩 등,12%,375ml,없음,고소한맛,백련잎향/ 수박향,적당한당도,적당한산도,부드러움,,어묵요리와 잘 어울린다.,,충남 당진시 신평면 신평로 813
142,백련 생막걸리 snow (스노우),탁주,백미/ 연잎/ 정제수/ 종국/ 효모/ 아스파탐/ 물엿 등,6%,750ml,없음,깔끔한맛/시원한맛,식물향/,높은당도,,깔끔함/가벼움,흰색,숯불바베큐와 잘 어울린다.,,충남 당진시 신평면 신평로 813
143,백세주,"약주,청주",설갱미/ 전통누룩/ 구기자/ 오미자/ 홍삼/ 산수유/ 진피/ 백문동/ 백수오/ 산사/ 건강/ 고수/ 감초/ 수국,13%,375ml,없음,허브맛/ 인삼맛/ 쓴맛,인삼향,높은당도,적당한산도,부드러움,,"생선회, 파전, 육회, 빈대떡, 불고기, 두부전골,도토리묵무침 등과 잘 어울린다.",,강원도 횡성군 둔내면 현천리 120
144,백운복분자주,리큐르 및 기타주류,국내산 쌀/ 국내산 복분자,13%,360ml,"2012 대한민국우리술품평회 우수상 (기타주류 부문)

 2013 대한민국우리술품평회 최우수상 (기타주류 부문)

 2014 SIWC 은상

 2014 Monde-selection 은상

 2014 대한민국우리술품평회 장려상 (기타주류 부문)",깔끔한맛,,적당한당도,,,,"낙지볶음, 해물찜과 잘 어울린다.",,
145,백자주,탁주, 찹쌀/ 멥쌀/ 잣/ 누룩/ 정제수,10%,500ml,없음,고소한맛/깊은맛,견과류향/,적당한당도,적당한산도,부드러움,,"골뱅이, 소라 등 무침류와 잘 어울린다.",,강원도 홍천군 화촌면 야시대로 211-57
146,뱅꼬레 레드와인,과실주, 양조용포도 - 경북영천,12%, 375ml,"아시아와인트로피 은상 수상(뱅꼬레 화이트)

한국와인베스트트로피 금상

은상(뱅꼬레 아이스

 뱅꼬레 로제

 뱅꼬레 화이트)",떫은맛,아로마향,낮은당도,적당한산도,,루비색,양념된 고기류,,경상북도 영천시 금호읍 원기리 414-2
147,뱅꼬레 로제와인,과실주, 양조용포도(경북 영천),11.50%, 375ml,"아시아와인트로피 은상 수상(뱅꼬레 화이트)

한국와인베스트트로피 금상

은상(뱅꼬레 아이스

 뱅꼬레 로제

 뱅꼬레 화이트)",,복숭아향,적당한당도,적당한산도,,분홍빛,샐러드류,,경상북도 영천시 금호읍 원기리 414-2
148,뱅꼬레 아이스와인,과실주, 양조용포도(경북 영천),12%, 375ml,한국와인베스트트로피 금상,,아로마향,높은당도,,,,샐러드류,,경상북도 영천시 금호읍 원기리 414-2
149,별산,탁주,정제수/ 쌀/ 입국/ 효모/ 엿류,7%,800ml,없음,감칠맛/상큼한맛,,적당한당도,높은산도,부드러움,,"과일 플래터, 카나페 스타일의 핑거 푸드와 잘 어울린다.",,경기도 양주시 광적면 부흥로21번길 60 1층
150,병영설성사또,증류주,"국내산 쌀, 국내산 오디, 국내산 복분자",40%,750ml,"2012 대한민국우리술품평회 대상 (일반증류주 부문)

 2013 SWSC 은상

 2013 IWSC 은상

 2013 NYWSC 금상",알싸한맛/깔끔한맛,오디향/복분자향/천연향,,,부드러움,자연의색/적은숙취,"삼겹살구이, 장어구이와 잘 어울린다.",,전라남도 강진군 병영면 성남리140-3
151,보성 강하주,"약주,청주",국내산 찹쌀100%,15%,350ml,시도무형문화재 전라남도 제45호,찹쌀맛/ 개운한맛,찹쌀향,,,청량감,황갈색,매콤하고 달콤한 양념을 발라구운 더덕구이와 잘 어울린다.,,
152,복단지,"약주,청주",쌀/ 복분자/ 누룩(국내산 밀함유),14%,375ml,없음,쓴맛,복분자향/ 곡물향,높은당도,적당한산도,깔끔함,,아직 짝이 없어요!,,"경기도 여주시 대신면 대신1로 120, 나호"
153,복분자아락40,증류주,복분자 증류원액,40%,500ml,없음,원숙한맛,과일향,,,부드러움,,아직 짝이 없어요!,,경기도 포천시 화현면 화현리 512
154,복분자음,과실주, 복분자/ 정제수,12%, 375ml,2014년 대한민국 우리술품평회 과실주 부문 최우수상,복분자맛,복분자향,,,,,생선류/전류,,경기도 포천시 화현면 화현리 512
155,복순도가 손 막걸리,탁주,원재료 :쌀/누룩,7%,935ml,없음,깊은맛,,낮은당도,적당한산도,청량감/부드러움,,생선 조림,,울산광역시 울주군 상북면 향산리 439
156,복순도가 탁주,탁주,멥쌀,10%,935ml,없음,진한맛,진한향/누룩향,낮은당도,높은산도,묵직함,,"치킨,돼지고기와 잘어울린다.",,
157,부안 참뽕막걸리(탄산),탁주,쌀,6%,950ml,없음,쓴맛,곡물향/과일향,적당한당도,낮은산도,청량감/깔끔함/부드러움,,고소한 꼬치구이와 잘 어울린다. 과일을 곁들여도 맛있게 즐길 수 있다.,,
158,부안참뽕막걸리,탁주,쌀 오디과즙/스테비올배당체/스쿠랄로스,6%,950ml,'2013 대한민국 우리술 품평회' 살균막걸리 부문 우수상,,과일향,적당한당도,낮은산도,청량감/깔끔함,보랏빛,"매운 볶음요리, 부침개",,전북 부안군 행안면 부안농공단지길 14-11
159,부안참뽕와인,과실주, 정제수/오디/주정/ 과당,13%, 750ml,없음,,오디향,높은당도,,부드러움,,고기류/치즈류,,전북 부안군 행안면 부안농공단지길 14-11
160,부자,탁주,경기미 100%,10%,375ml,"2013 대한민국우리술품평회 최우수상 (살균막걸리 부문)

 2014 IWSC 동상

 2014 Monde-selection 은상",,,높은당도,낮은산도,부드러움/가벼움,유백색,"양념장순두부, 생선전이 잘 어울린다.",,
161,불로생 우리쌀막걸리,탁주,쌀,6%,750ml,2011 대한민국우리술품평회 최우수상(생막걸리 부문),감칠맛/쓴맛,곡물향,높은당도,적당한산도,가벼움,,"두부김치, 해물전과 잘 어울린다.",,
162,불소곡주,리큐르 및 기타주류,찹쌀/ 국내산 멥쌀,43%,700ml,"전통식품명인 제19호 우희열

 2013 대한민국우리술품평회 최우수상 (리큐르 부문)

 2014 IWSC 동상

 2014 Monde-selection 금상",깊은맛/ 감칠맛,달콤한향,,,,,수육과 서로 잘 어울린다.,,
163,붉은 원숭이,탁주,쌀( 경기미 100%)/ 누룩/ 홍국/ 정제수,11%,375ml,없음,,,높은당도,낮은산도,부드러움/깔끔함,붉은색,바베큐,,경기도 용인시 처인구 양지면 죽양대로 2298-1
164,빙탄복,과실주, 복분자,7%, 370ml,없음,복분자맛,과일향,,,청량감,,아직 짝이 없어요!,,경기도 포천시 화현면 화현리 512
165,사미인주,탁주,유기농 햅쌀/ 벌꿀,8%,750ml,없음,,과일향,적당한당도,낮은산도,,,리코타 치즈 샐러드,,전라남도 장성군 장섭읍 남양촌길 19
166,사시통음주,"약주,청주",쌀/ 누룩/ 밀가루,18%,550ml,없음,감칠맛/ 신맛,,낮은당도,높은산도,부드러움,,"고기, 치킨 등을 비롯해 두루두루 음식과 잘 어울린다.",,강원도 횡성군 둔내면 현천리 120
167,사임주,"약주,청주",국내산 찹쌀/ 국내산 멥쌀,16%,,없음,찹쌀맛,,,,,,아직 짝이 없어요!,,대전광역시 서구 둔산로31번길 77 사리원
168,산내울 오미자주,리큐르 및 기타주류,오미자/ 설탕/ 주정/ 정제수/ 과당,16%,750ml,없음,오미자맛/쓴맛/ 깔끔한맛,오미자향/ ,,,,,"생선 회, 편육 냉채 등과 잘 어울린다.",,경상남도 거창군 거창읍 수남로 2241
169,산막생대덕주,"약주,청주",국내산 찹쌀/ 누룩,13%,750ml,2011 대한민국우리술품평회 우수상 (약주/청주 부문),,,적당한당도,,,,"도토리묵 무침, 두부요리와 잘 어울린다.",,
170,산머루 크라테 스위트,과실주,산머루,11.50%,750ml,2018 우리술품평회 과실주 부분 최우수상,,향신료향,높은당도,높은산도,묵직함,,고기류,,경북 김천시 증산면 금곡리 3길 29
171,산삼가득 명술,리큐르 및 기타주류,국내산 주정/ 국내산 산양산삼 5년근,20%,375ml,"2012 대한민국우리술품평회 장려상 (리큐르 부문)

 2014 대한민국우리술품평회 장려상 (리큐르 부문)",산양산삼맛,산양산삼향,,,부드러움,,생선전과 잘 어울린다.,,
172,산애딸기 스위트,과실주,산딸기,11%,375ml,없음,쓴맛,과일향/발효향,적당한당도,높은산도,묵직함,,양념이 강한 음식과 잘 어울린다.,,
173,산정호수 동정춘막걸리,탁주, 쌀 36%/ 누룩3%/ 정제수61%,6%,720ml,2018 우리술품평회 탁주부문 대상,감칠맛,과일향,높은당도,낮은산도,묵직함/텁텁함/부드러움,,무화과 등의 달달한 디저트류 과일과 궁합이 좋습니다.,,
174,산천어막걸리,탁주,쌀,6%,750ml,"2012 대한민국우리술품평회 대상 (생막걸리 부문)

 2013 IWSC 은상",,과일향/사과향/바나나향,적당한당도,적당한산도,부드러움/청량감,,"메밀전병, 산천어회와 잘 어울린다.",,
175,삼막걸리,탁주,쌀(100%)/ 산양산삼/ 올리고당,6%,500ml,2011 대한민국우리술품평회 우수상 (생막걸리 부문),산양산삼맛,산양산삼향,,,청량감/깔끔함,적은숙취,생선전과 잘 어울린다.,,
176,삼양춘 생약주,"약주,청주",강화섬쌀/ 전통누룩/ 정제수,15%,500ml,없음,쓴맛/ 감칠맛,과일향,적당한당도,적당한산도,부드러움/깔끔함,,양념 되지 않은 흰살 생선 찜과 잘 어울린다.,,"인천광역시 남동구 호구포로 50, 8층 819-1호"
177,삼양춘 생탁주,탁주,강화섬쌀/ 전통누룩/ 정제수,13%,500ml,없음,쓴맛,,,적당한산도,묵직함,아이보리색,양념된 낙지나 주꾸미 볶음류와 매우 잘 어울린다.,,"인천광역시 남동구 호구포로 50, 8층 819-1호"
178,삼해소주,증류주,"멥쌀, 찹쌀, 누룩",45%,400ml,없음,고소한맛,곡향/ 누룩향,,,,적은숙취,아직 짝이 없어요!,,서울 종로구 창덕궁길 142
179,새송이 쌀막걸리 정,탁주,쌀/ 새송이버섯,6%,750ml,2012 대한민국우리술품평회 장려상 (살균막걸리 부문),상쾌한맛,,적당한당도,,청량감,,노릇하고 고소한 감자전과 잘 어울린다.,,
180,생탁주,탁주,쌀/ 올리고당/ 사과농축액/ 아스파탐/ 효모/ 정제수,6%,750ml,없음,,바나나향,,,부드러움,,닭도리탕이나 양념된 고기류와 잘 어울린다.,,전라남도 장성군 장섭읍 남양촌길 19
181,샤토미소 랑,과실주,청포도,12%, 375ml,"2018년 대한민국 주류대상 Best of Best상

2018년 아시아 와인트로피 골드메달 수상",청포도맛,청포도향,,높은산도,부드러움,,조개찜/다양한 해산물,,경기 평택시 오성면 숙성뜰길 108
182,샤토미소 레드 드라이,과실주,국내산 포도,12%, 750ml,없음,,과일향,낮은당도,적당한산도,,,스테이크/육류요리,,충청북도 영동군 매곡면 옥전리 825-1
183,샤토미소 레드 스위트,과실주,포도/ 산화방지제/ 효모/ 설탕 등,12%, 750ml,없음,떫은맛,포도향,높은당도,낮은산도,부드러움,,아직 짝이 없어요!,,충청북도 영동군 매곡면 옥전리 825-1
184,샤토미소 로제스위트와인,과실주, 국내산 포도원액,12%, 375ml,2013 대한민국우리술품평회 대상,상큼한맛,포도향/장미향,높은당도,높은산도,,,찜류,,충청북도 영동군 매곡면 옥전리 825-1
185,서울의 밤,증류주,"매실증류주원액, 벌꿀, 포도당, 노간주나무열매, 정제수",25%,375ml,없음,알코올맛,달콤한향,낮은당도,,,자극이적다, 삼겹살과 아주 잘 어울린다.,,충북 제천시 봉양읍 북부로 5길 16-10
186,서울의 밤 X 옥토끼프로젝트,증류주,"매실증류주원액, 벌꿀, 포도당, 노간주나무열매, 정제수",17%,375ml,없음,,달콤한향,낮은당도,,,,삼겹살과 아주 잘 어울린다.,,서울특별시 은평구 증산로7길 28-13
187,석로주,"약주,청주",국내산 쌀/ 석이버섯/ 누룩/ 효모/ 정제수,13%,720ml,없음,담백한맛/쓴맛,국화향/곡물향,낮은당도,낮은산도,,담백함,버섯 전골 등 전골류와 잘 어울린다.,,대전광역시 서구 둔산로 137번길 31
188,선호 생막걸리,탁주,쌀/ 누룩/ 효모/ 정제효소/ 천연감미료/ 정제수,6%,750ml,없음,쓴맛/산뜻한맛/깔끔한맛/칼칼한맛,,낮은당도,낮은산도,청량감,,"달콤하고 매운 음식과 잘 어울릴 수 있다. 닭도리탕, 감자탕 등도 추천 메뉴다.",,경기도 김포시 하성면 하성로 622
189,성읍민속마을 오메기술,"약주,청주",좁쌀/ 누룩,12%,375ml,시도무형문화재 제주도 제3호,감칠맛,,,낮은산도,,,제주산 갈치조림과 흑돼지주물럭의 매콤한 맛과 특히 잘 어울린다.,,
190,세우리,증류주,"산양삼, 하수오, 구기자, 쌀",45%,700ml,없음,약재맛/ 담백한맛,약재향/ 산양산삼향,,,부드러움/뜨거움,붉은색/호박색,삼계탕 등 몸 보양을 위해 먹는 음식과 다 잘 어울린다.,,경북 문경시 문경읍 새재로 609
191,세종 쌀막걸리,탁주,쌀,6%,300ml/750ml,2013 대한민국우리술품평회 장려상 (살균막걸리 부문),감칠맛,,높은당도,낮은산도,부드러움/청량감/묵직함,,해물찜이 매우 잘 어울린다.,,충북 청주시 청원구 사천로 18길 5-2
192,세종 알밤주,탁주,정제수/ 백미/ 소맥분/ 알밤/ 전분당/ 효모/ 젖산,6%,750ml,없음,밤맛,곡물향/밤향,높은당도,낮은산도,묵직함/깔끔함,,야채 샐러드와 잘 어울린다.,,충북 청주시 청원구 사천로 18길 5-2
193,세종대왕어주 약주,"약주,청주",쌀/ 누룩/ 정제수,15%,500ml,2019 대한민국우리술품평회 대상(약주 부문),감칠맛,쌀향,낮은당도,적당한산도,부드러움,,은은한 단맛은 한식과 궁합이 좋으며 두루 잘 어울립니다.,,충청북도 청원군 내수읍 초정리 257-2
194,세종청주생막걸리,탁주,쌀/ 소맥분,6%,750ml,없음,진한맛,,낮은당도,적당한산도,가벼움,,김치전과 잘 어울린다.,,충북 청주시 청원구 사천로 18길 5-2
195,소나무와 학,증류주,"국내산 쌀, 황기",43%,700ml,"2011 대한민국우리술품평회 우수상 (일반증류주 부문)

 2012 대한민국우리술품평회 우수상 (일반증류주 부문)",깔끔한맛,약초향,적당한당도,,부드러움,,깐풍기와 잘 어울린다.,,충청북도 제천시 송학면 송한리 477-3번지
196,소백산 검은콩 막걸리,탁주,쌀,6%,"1500ml, 1200ml, 750ml",없음,,곡물향,높은당도,낮은산도,,아이보리색,아직 짝이 없어요!,,충북 단양군 대강면 대강로 60
197,소백산 생 막걸리,탁주,쌀,6%,"1700ml, 750ml",없음,담백한맛/구수한맛,발효향,적당한당도,적당한산도,깔끔함,,버섯전골,,충북 단양군 대강면 대강로 60
198,소백산 스위트와인,과실주,포도,12%,750ml,2019년 대한민국 주류대상,포도맛,달콤한향,높은당도,,부드러움,,삼겹살/보쌈/김치전/아구찜/매콤한 볶음요리,,경북 영주시 단산면 영단로601번길 64
199,소호,증류주,"평택 쌀(발아 현미, 백미), 누룩, 정제수, 대나무잎","36.5%, 56%","350mL, 750mL",없음,쌀맛,배향/쌀향,,,부드러움,,아직 짝이 없어요!,,경기도 평택시 포승읍 충열길 37
200,솔바람생막걸리,탁주,쌀,6%,500ml,2010 대한민국우리술품평회 최우수상 (생막걸리 부문),감칠맛,솔향,적당한당도,적당한산도,청량감,,막걸리의 청량감이 고소한 감자전의 맛을 더욱 돋궈준다.,,
201,솔송주,"약주,청주",백미 90%/ 솔잎·송순 10%,13%,375ml,시도무형문화재 대구광역시 제11호,감칠맛,솔향,,,,,돼지갈비구이의 누린내를 없애주어 잘 어울린다.,,경상남도 함양군 지곡면 지곡창촌길 3
202,솔청정막걸리,탁주,쌀,6%,750ml,2011 대한민국우리술품평회 대상 (살균막걸리 부문),감칠맛,솔향,,,청량감/부드러움,,채소를 듬뿍 넣은 영양만점의 두부전이 솔 향 은은한 막걸리로 더욱 고소해진다.,,
203,송로주,증류주,"멥쌀, 솔옹이, 솔잎, 복령",48%,700ml,시도무형문화재 충청북도 제3호,알싸한맛,솔향,,,부드러움,,표고버섯나물과 잘 어울린다.,,충청북도 보은군 속리산면 구병리 518번지
204,송명섭 막걸리,탁주,쌀/ 곡자/ 정제수,6%,"500ml,750ml",없음,개운한맛,,낮은당도,높은산도,텁텁함/부드러움,,"산적, 잡채 등 담백한 음식 또는 맵고 짠 한식이나 기름진 고기류와의 음식 궁합이 좋다.",,전북 정읍시 태인면 태흥리 392-1
205,송이주,"약주,청주",국내산 쌀/ 송이농충액/ 누룩/ 정제수,13%,375ml,없음,버섯맛/후추맛,버섯향/ 청량한향/ 레몬향,,적당한산도,가벼움,황녹색빛,소 등심 구이랑 잘 어울린다.,,충남 논산시 연무읍 마종로 361
206,송화백일주,리큐르 및 기타주류,송화/ 솔잎/ 산수유/ 오미자/ 구기자,38%,700ml,"전통식품명인 제1호 조영귀

 시도무형문화재 전라북도 제 6-4호",솔향/ 깔끔한맛,,,,부드러움,,취나물과 잘 어울린다.,,
207,수삼단본720,증류주,"국내산 쌀, 국내산 인삼",43%,720ml,2014 대한민국우리술품평회 대상 (일반증류주 부문),은은한맛/깔끔한맛,인삼향,,,부드러움/청량감,투명한빛,생선회와 잘 어울린다.,,충남 금산군 금성면 파초길 23
208,술그리다 생탁주,탁주,쌀/ 누룩,10%,500ml,없음,깊은맛/깔끔한맛,깊은향/발효향,,적당한산도,부드러움/깔끔함,,양념이 되지 않은 백숙 등과 잘 어울린다. 또는 전류와도 잘 어울린다.,,경기 평택시 오성면 숙성뜰길 108
209,술샘16,리큐르 및 기타주류,쌀/ 오미자/ 주정/ 정백당,16%,375ml,없음,오미자맛,오미자향,,,,,"파티음식, 샐러드, 육류 및 치즈, 해산물과 잘 어울린다.",,경기도 용인시 처인구 양지면 죽양대로 2298-1
210,술샘19,리큐르 및 기타주류,주정/ 증류식소주/ 정백당/ 생강/ 강황,19%,375ml,없음,은은한맛/ 강황맛,은은한향/ 강황향,,,,레몬빛,아직 짝이 없어요!,,경기도 용인시 처인구 양지면 죽양대로 2298-1
211,술아 국화주,"약주,청주",국내산 찹쌀/ 누룩/ 건조국화꽃/ 증류주/ 정제수,15%,375ml,없음,신선한맛/,신선한향/ 국화향,높은당도,,,,"자극성 적고, 가벼운 샐러드류를 추천한다.",,"경기도 여주시 대신면 대신1로 120, 나호"
212,술아 막걸리,탁주, 찹쌀/ 누룩/ 정제수,8%,450ml,없음,진한맛,깊은향,낮은당도/높은당도,높은산도,묵직함,,"비교적 가벼운 느낌의 맑은 소고기국, 미역국, 계란국 등도 좋은 매칭이다.",,"경기도 여주시 대신면 대신1로 120, 나호"
213,술아 매화주,"약주,청주",국내산 찹쌀/ 누룩/ 건조매화꽃/ 증류주/ 정제수,15%,375ml,없음,신선한맛/ 상큼한맛/ 쌀맛,신선한향/ 매화향,높은당도,,,,"자극성 적고, 가벼운 샐러드류를 추천한다",,"경기도 여주시 대신면 대신1로 120, 나호"
214,술아 순곡주,"약주,청주",국내산 찹쌀/ 누룩/ 증류주/ 정제수,20%,375ml,없음,신선한맛/ 깨끗한맛/ 쌀맛,신선한향/ 깨끗한향,높은당도,낮은산도,묵직함,,"맑은 장국 등 하고도 잘 어울린다. 맑은 소고기국, 미역국, 계란국 등도 좋은 매칭이다.",,"경기도 여주시 대신면 대신1로 120, 나호"
215,술아 연화주,"약주,청주",국내산 찹쌀/ 누룩/ 건조연화꽃/ 증류주/ 정제수,15%,375ml,없음,신선한맛/ 깔끔한맛,신선한향/ 연꽃향,적당한당도,,청량함/깔끔함,,연잎밥 등을 추천한다.,,"경기도 여주시 대신면 대신1로 120, 나호"
216,술예쁘다 생탁주,탁주,쌀/ 누룩,13%,500ml,없음,,,,,청량감/부드러움,붉은색,담백한 맛의 전류과 같은 한식과 매우 잘 어울린다.,,경기 평택시 오성면 숙성뜰길 108
217,술취한 원숭이,탁주,쌀( 경기미 100%)/ 누룩/ 홍국/ 정제수,11%,375ml,없음,쓴맛,진한향,높은당도,낮은산도,부드러움,붉은색,"과일, 치즈와 잘 어울린다",,경기도 용인시 처인구 양지면 죽양대로 2298-1
218,술헤는밤,탁주,쌀/ 누룩,8%,750ml,없음,깔끔한맛,깔끔한향,낮은당도,,부드러움/가벼움,,"녹두전, 파전, 매콤한 회무침, 샐러드와 어울린다.",,강원도 홍천군 내촌면 용포길 31-25
219,스타베리오디,과실주, 양조용포도(경북 영천),12%, 500ml,"아시아와인트로피 은상 수상(뱅꼬레 화이트)

한국와인베스트트로피 금상

은상(뱅꼬레 아이스

 뱅꼬레 로제

 뱅꼬레 화이트)",,아로마향,,,,루비빛,아직 짝이 없어요!,,경상북도 영천시 금호읍 원기리 414-2
220,스파클링와인,과실주, 사과,7.20%, 750ml,"2011년 대한민국 우리술품평회 과실주 부문 우수상

2015년 한국와인 베스트컬렉션 골드 수상

2016년 대한민국 주류대상 BEST OF BEST 수상

2017년 아시아와인트로피 실버상

2018년 대한민국주류대상 한국와인부문 대상",상큼한맛,,,,,,치즈류/과일류,,경북 영천시 고경면 고도리 494-3
221,스파클링와인 오미로제 결,과실주,오미자,12%, 750ml,없음,쓴맛,과일향,높은당도,높은산도,부드러움/청량감,,편육냉채,,경북 문경시 문경읍 새재로 609
222,시나브로 화이트 11,과실주,청수포도,12%,550ml,2019 우리술품평회 과실주 부문 최우수상,상큼한맛,청포도향,,,,레몬골드빛,해산물류,,충북 영동군 심천면 약목 2길 26
223,시인의마을,탁주,쌀/ 누룩/ 정제수,10%,700ml,없음,,쌀향,,,묵직함,,"민물고기 매운탕과 같이 먹는 것이 좋다. 식감이 가벼운 도토리묵, 겉절이, 나물 등도 좋다",,충청북도 옥천군 이원면 묘목로 113
224,신례명주,증류주,"제주산감귤, 감귤 증류주",50%,750ml,없음,신선한맛,감귤향/ 바닐라향,적당한당도,,부드러움,,"생선회, 구이 등 해산물류와 수육, 보쌈 등 육류와 잘 어울린다.",,제주특별자치도 서귀포시 남원읍 신례천로 46
225,심술 알쓰,과실주,복분자,3.80%,180ml,없음,복분자맛,복분자향,적당한당도,적당한산도,,,장어구이/치즈류,,경기도 포천시 화현면 화현리 512
226,심술6 막걸리,탁주,쌀/ 국/ 건조효모/ 아세설팜칼륨/ 아스파탐,6%,500ml,없음,,과일향,낮은당도,,부드러움/청량감,,아직 짝이 없어요!,,경기도 포천시 화현면 화현리 512
227,아이스 375,과실주,포도,12%, 375ml,"2011년 대한민국 우리술품평회 과실주 부문 우수상

2015년 한국와인 베스트컬렉션 골드 수상

2016년 대한민국 주류대상 BEST OF BEST 수상

2017년 아시아와인트로피 실버상

2018년 대한민국주류대상 한국와인부문 대상",,,높은당도,높은산도,,루비빛,견과류/과일류/치즈류/디저트류,,경북 영천시 고경면 고도리 494-3
228,아이원 막걸리,탁주,쌀/ 밀/ 입국/ 누룩/ 정제수,6%,750ml,없음,가벼운맛,,,,묵직함,,"빙어요리인 도리뱅뱅, 그리고 민물 매운탕과 같이 먹는 것이 가장 좋다.",,충청북도 옥천군 이원면 묘목로 113
229,아황주,"약주,청주",찹쌀/ 멥쌀/ 누룩/ 정제수,17%,500ml,없음,쓴맛/깔끔한맛,과일향,높은당도,,,담황색,명란젓 등의 젓갈류와 잘 어울린다.,,경기도 파주시 법원읍 사임당로 763
230,안동소주,증류주,국내산 쌀,45%,400ml / 600ml /800ml,"시도무형문화재 경상북도 제12호

 전통식품명인 제20호 조옥화",감칠맛,담백한향/은은한향,,,부드러움,적은숙취,"육포, 고등어구이와 잘 어울린다.",,경상북도 안동시 강남로 71-1(수상동)
231,안성마춤 생막걸리,탁주,쌀/ 누룩/ 효모/ 젖산/ 정제효소/ 정제수,6%,1000ml,없음,가벼운맛,바나나향,,,청량감/ 부드러움,," 묵직한 고기류하고도 잘 맞는다. 불고기, 육전, 오징어와 새우를 듬뿍 넣은 기름진 해물파전도 좋다.",,경기도 안성시 서운면 서운로 241-14
232,안양동동주,탁주, 햅쌀/  친환경 햇찹쌀,6%,1700ml,2013 대한민국우리술품평회 장려상 (생 막걸리 부문),투박한맛,,낮은당도,,부드러움/청량감,,새콤하고 칼칼한 키조개 회 무침과 잘 어울린다.,,
233,애피소드상그리아,과실주, 포도와인/ 정제주정/ 정제수/ 포도농축액/ 고과당,3.50%, 500ml,없음,,,높은당도,,청량감,,디저트류,,
234,애피소드애플,과실주, 사과,3.50%, 500ml,없음,,사과향,,,청량감,,튀김류,,
235,애피소드호프,리큐르 및 기타주류,사과과즙/ 보리/ 쌀/ 홉,3.50%,500ml,없음,깊은맛/ 풍부한맛/ 이국적인맛,깊은향/ 풍부한향/ 사과향/ 맥주향/향긋한향,,,청량감,,"치킨 및 닭강정, 튀김류와도 상당히 잘 맞는다.",,
236,야관문막걸리,탁주,쌀/ 종국/ 정제수/ 누룩/ 효모/ 야관문,6%,750ml,없음,깔끔한맛/순한맛/,고소한향,적당한당도,적당한산도,가벼운/깔끔함,아이보리색,야채샐러드와 잘 어울린다.,,전라북도 남원시 운봉읍 황산로 1018
237,양촌 생 동동주,탁주,정제수/ 백미/ 효소제/ 효모 등,10%,750ml,없음,감칠맛,사과향/고소한향,낮은당도,낮은산도,청량감,,김치전과 함께 하면 좋다.,,충남 논산시 양촌면 매죽헌로1665번길 14-9
238,양촌 생 막걸리,탁주,팽화미/ 소맥분/ 정제수/ 물엿/ 효소/ 국 등,6%,750ml,없음,감칠맛,사과향/고소한향,적당한당도,적당한산도,부드러움,,두부에 겉절이 김치를 함께하면 좋다.,,충남 논산시 양촌면 매죽헌로1665번길 14-9
239,양촌 우렁이쌀 청주,"약주,청주",국내산 찹쌀/ 국내산쌀/ 입국/ 효모/ 종국,14%,500ml,없음,쌀맛,쌀향,높은당도,낮은산도,청량감,무농약,"생선회, 한식과 어울린다.",,충남 논산시 양촌면 매죽헌로1665번길 14-9
240,여포의 꿈 (화이트),과실주,국내산 포도,12%, 750ml,없음,포도맛,,낮은당도,적당한산도,깔끔함,,조기찜,,충북 영동군 양강면 유점지촌길 75(여포와인농장)
241,여포의 꿈 레드,과실주,국내산 포도,12%, 750ml,없음,떫은맛,,적당한당도,적당한산도,가벼움,,스테이크류,,충북 영동군 양강면 유점지촌길 75(여포와인농장)
242,예술주조 ‘무작’,증류주,"홍천쌀,밀누룩,정제수",53%,350ml,없음,묵직한맛,꽃향,,,부드러움,,생선회,,강원도 홍천군 내촌면 물걸리 508-2
243,옛날막걸리 古,탁주,쌀/ 누룩,8%,750ml,없음,쓴맛/산뜻한맛,고소한향,적당한당도,높은산도,가벼움,연갈색,오리 주물럭과 잘 어울린다.,,강원도 횡성군 둔내면 현천리 120
244,오디아락40,증류주,오디증류주원액,40%,500ML,없음,오디맛,오디향,적당한당도,,부드러움,,아직 짝이 없어요!,,경기도 포천시 화현면 화현리 512
245,오매락,증류주,"배를 증류한 원액, 정제수, 설탕, 매실, 오매(구운 매실)",40%,500ml,없음,매실맛/배맛,매실향/배향,적당한당도,,부드러움,,"닭고기, 부침개",,경기도 포천시 화현면 화현리 512
246,오매락퍽,리큐르 및 기타주류,국내산 배증류원액,40%,500ml,"2012 대한민국우리술품평회 장려상 (리큐르 부문)

 2014 대한민국우리술품평회 장려상 (리큐르 부문)",배맛,신선한향/ 달콤한향/ 아카시아꿀향,적은당도,,가벼움,,닭고기요리와 잘 어울린다.,,경기도 포천시 화현면 화현리 512
247,오메기 맑은술,"약주,청주",좁쌀/ 햅쌀/ 정제수/ 누룩,16%,500ml,없음,,과일향,높은당도,,부드러움,,고사리 등의 나물 무침,,제주도 서귀포시 표선면 중산간동로 4726
248,오미로제 스파클링 와인,과실주, 국내산 오미자,12%, 750ml,없음,오미자맛,오리엔탈향,높은당도,높은산도,,,정찬음식,,경상북도 문경시 동로면 노은리 192번지
249,오희 스파클링 막걸리,탁주,백미/ 건오미자/ 조효소제/ 효모/ 정제수,9%,500ml,없음,오미자맛,오미자향/고소한향,낮은당도,적당한산도,청량감/깔끔함,붉은색,장어구이와 잘 어울린다.,,경상북도 문경시 동로면 노은리 192번지
250,왕매실 막걸리,탁주,쌀/ 매실원액1%,6%,750ml,2012 대한민국우리술품평회 최우수상 (생막걸리 부문),상큼한맛,,,적당한산도,부드러움/청량감,,꼬막전의 기름기와 약간의 비릿한 냄새를 매실의 신맛과 탄산이 잡아주어 깔끔하게 마실 수 있다.,,
251,왕율주,증류주,"국내산 쌀, 밤, 누룩, 정제수",25%,330ml,없음,밤맛/ 깔끔한맛,밤향,낮은당도,,부드러움,,구이를 한 고기류 음식에 잘 어울린다.,,경기도 안성시 서운면 서운로 241-14
252,왕피천을 품은 미소생막걸리,탁주,쌀/ 누룩/ 정제수,7%,750ml,없음,,,적당한당도,적당한산도,부드러움/가벼움/청량감,,대게 또는 홍게찜,,경상북도 울진군 근남면 노음2길 4
253,우곡주,탁주,쌀,13%,375ml,없음,고소한맛/ 신맛,달콤한향/ 신향,적당한당도,적당한산도,걸쭉함,,구절판,,경기도 화성시 정남면 서봉로 835
254,우도땅콩전통주,탁주,쌀/우도땅콩,6%,750ml,없음,고소한맛/기름진맛,고소한향,높은당도,낮은산도,깔끔함,,"안주 없이 먹기도 편하며, 해물파전, 도토리묵 등과 잘 어울린다.",,
255,우렁이쌀 손 막걸리,탁주,쌀,8%,750ml,없음,깔끔한맛/깊은맛,,높은당도,낮은산도,부드러움,,야채 샐러드,,충남 논산시 양촌면 매죽헌로1665번길 14-9
256,우리밀 막걸리 향수,탁주,쌀/ 밀/ 입국/ 누룩/ 정제수,9%,700ml,없음,진한맛,진한향,낮은당도,적당한산도,묵직함,,"도리뱅뱅이. 도토리묵, 겉절이, 나물",,충청북도 옥천군 이원면 묘목로 113
257,울금생막걸리 정,탁주,쌀/  울금,6%,750ml,2013 대한민국우리술품평회 우수상 (생막걸리 부문),울금맛,울금향,적당한당도,낮은산도,청량감,,김치전과 잘 어울린다.,,
258,원매,증류주,"매실원주액, 매실청, 꿀, 카라멜, 효소처리스테비아, 정제수",20%,750ml,없음,쓴맛,신선한향,적당한당도,적당한산도,,호박색,숙주 소고기 볶음 등 약간의 양념이 된 깔끔한 음식과 잘 어울린다.,,서울시 은평구 증산로7길 28-13
259,원매 프리미엄,리큐르 및 기타주류,국내산 황매실,20%,700ml,"2013 Monde-selection 금상

 2013 SWSC 은상

 2014 SWSC 은상

 2014 IWSC 은상

 2014 Monde-selection 금상

 2014 대한민국우리술품평회 최우수상 (리큐르 부문)",매실맛,매실향,높은당도,낮은산도,부드러움,담황색,"생선회,초밥과 잘 어울린다.",,
260,원조소곡주,"약주,청주",찹쌀: 36%/ 누룩3%/ 정제수61%,16%,720ml,2018 우리술품평회 약주 청주 부문 우수상,,달콤한향,높은당도,,,,아직 짝이 없어요!,,
261,월매 쌀막걸리(캔),탁주,백미/ 말토올리고당/ 정제수,6%,350ml,2017년 대한민국 우리술품평회 살균막걸리 부문 우수상,상큼한맛,발효향,적당한당도,적당한산도,청량감/가벼움,흰색/적은숙취,파전과 잘 어울린다.,,
262,유기농이도14,"약주,청주",물/ 유기농쌀/국[유기농쌀]/ 우리밀누룩,14%,750ml,2019 우리술 품평회 약주/청주 부문 최우수상,,,낮은당도,,부드러움/ 깔끔함,,아직 짝이 없어요!,,
263,유자생막걸리,탁주,경기미 75%/ 유자 20% / 맥아당 5%,5%,750ml,"2013 대한민국우리술품평회 최우수상 (생막걸리 부문)

 2014 IWSC 은상

 2014 Monde-selection 은상",유자맛,유자향,낮은당도,적당한산도,묵직함/깔끔함,노란색,녹두빈대떡의 고소하지만 기름진 맛에 청량감이 살아있는 유자생막걸리 한잔이 속을 개운하게 해준다.,,경기도 화성시 정남면 서봉로 835
264,유자향주,탁주,쌀/ 유자/ 아스파탐,6%,750ml,없음,유자맛,유자향,높은당도,,부드러움,,회나 파전 등 대중적인 안주와 잘 어울린다.,,전남 고흥군 풍양면 죽시장터길 45
265,은자골 생 탁배기,탁주,쌀,5%,750ml,없음,쓴맛,,낮은당도,적당한산도,청량감/부드러움,,파전,,경북 상주시 은척면 봉중2길 16-4
266,의림소주,증류주,국내산 쌀,40%,700ml,2013 대한민국우리술품평회 장려상 (증류식소주 부문),깔끔한맛,쌀향/깔끔한향,,,,적은숙취,"제천 한우구이, 송어회와 잘 어울린다.",,충청북도 제천시 봉양읍 원박리 276
267,이담,리큐르 및 기타주류,국내산 쌀/ 국내산 배,55%,700ml,"2012 대한민국우리술품평회 최우수상 (기타주류 부문)

 2013 대한민국우리술품평회 우수상 (기타주류 부문)",배맛,배향,,,,,꽃등심구이와 잘 어울린다.,,경기도 화성시 정남면 서봉로 835
268,이도,증류주,쌀(국내산),22%,375ml,없음,쓴맛,옅은향/ 단향,적당한당도,,부드러움,,삼겹살 등 육류와 잘어울린다.,,충북 청주시 청원구 사천로 18길 5-2
269,이천쌀생막걸리,탁주,쌀,6%,1000ml,2011 대한민국우리술품평회 장려상 (생막걸리 부문),깊은맛,깊은향,,,청량감,,잘 익은 김치의 깊은 맛과 담백한 두부로 만든 두부김치,,
270,이화백주,탁주, 햅쌀/ 전통 누룩/ 정제수,6%,940ml,없음,레몬맛,새콤한향,낮은당도,적당한산도,청량감/부드러움/가벼움,,"갈비찜, 해물파전, 보쌈, 족발 등 육류와의 궁합이 좋다.",,경남 양산시 상북면 충렬로 941
271,이화주,탁주,쌀( 경기미 100%)/ 누룩/ 정제수,8%,100ml,없음,곡물맛,,높은당도,낮은산도,걸쭉함/부드러움,떠먹는술,아직 짝이 없어요!,,경기도 용인시 처인구 양지면 죽양대로 2298-1
272,입장탁주,탁주,쌀,7%,750ml,"2010 대한민국우리술품평회 우수상 (생막걸리 부문)

 2012 대한민국우리술품평회 우수상 (생막걸리 부문)",깔끔한맛/고소한맛,고소한향,낮은당도,낮은산도,부드러움/묵직함,적은숙취,"입안에서 불이 날 정도로 매운 갈비찜은 약간의 단맛과 신맛, 그리고 톡 쏘는 청량감이 있는 입장탁주에 잘 어울린다.",,
273,자두와인,과실주, 국내산 자두,12%, 750ml,2014 대한민국우리술품평회 장려상,신선한맛,자두향,높은당도,높은산도,,,육류/해산물류,,
274,자연담은 복분자막걸리,탁주, 복분자(고창),6%,360ml,"2012 대한민국우리술품평회 우수상 (살균막걸리 부문)

 2014 대한민국우리술품평회 우수상 (살균막걸리 부문)",복분자맛,과일향,낮은당도,낮은산도,부드러움/묵직함/깔끔함,,아직 짝이 없어요!,,
275,자연담은 오미자막걸리,탁주,쌀85%/ 오미자15%,7%,360ml,2011 대한민국우리술품평회 최우수상 (살균막걸리 부문)),오미자맛,오미자향,적당한당도,높은산도,깔끔함/청량감,붉은색,"청포묵탕평채, 계절과일과 잘 어울린다.",,
276,자희향 국화주,"약주,청주",국내산 쌀,15%,375ml,2014 대한민국우리술품평회 장려상 (약주/청주 부문),쓴맛/짠맛/매운맛,황국화향,낮은당도,낮은산도,묵직함/낮은 청량감,,"해산물요리, 과일샐러드와 잘 어울린다.",,
277,장생도라지 진주 프리미엄,"약주,청주","쌀,장생도라지",16%,500ml,없음,도라지맛,도라지향/누룩향,,,부드러움,,한식과 잘 어울린다.,,
278,장수막걸리,탁주,쌀,6%,750ml,2020 대한민국 주류대상서 대상 수상,가벼운맛/시원한맛,쌀향,적당한당도,적당한산도,청량감/부드러움/가벼움,적은숙취,"열무김치,두부김치,멍게",,
279,장수홍삼주,리큐르 및 기타주류,국내산 인삼,25%,750ml,"2009 대한민국우리술품평회 은상 (리큐르 부문)

 2011 대한민국우리술품평회 우수상 (리큐르 부문)",홍삼맛,홍삼향,,,부드러움,,"갈비찜,양곱창전골과 잘 어울린다.",,
280,전주이강주(19%),리큐르 및 기타주류,국내산 쌀,19%,375ml,"전통식품명인 제9호 조정형

 시도무형문화재 전라북도 제6-2호

 2010 대한민국우리술품평회 대상 (19%

 리큐르 부문)",매운맛/ 상큼한맛,,적당한당도,,,노란색,"보쌈, 버섯두부전골과 잘 어울린다.",,
281,전주이강주(25%),리큐르 및 기타주류,국내산 쌀,25%,500ml,"전통식품명인 제9호 조정형

 시도무형문화재 전라북도 제6-2호

 2011 대한민국우리술품평회 대상 (25%

 리큐르 부문)",매운맛/ 상큼한맛,,적당한당도,,,노란색,"보쌈, 버섯두부전골과 잘 어울린다.",,
282,제주감귤주 귤로만,리큐르 및 기타주류,감귤원액(제주),7%,750ml,"2011 대한민국우리술품평회 대상 (기타주류)

 2012 대한민국우리술품평회 장려상 (기타주류)",쌉싸름한맛/ 상큼한맛,,적당한당도,적당한산도,,,삼겹살구이와 잘 어울린다.,,
283,제주술익는집 고소리술,증류주,"잡곡, 누룩, 정제수",40%,400ml,없음,순한맛/진한맛,구수한향/은은한향,,,부드러움/깔끔함,적은숙취,름기 많은 고등어 회,,제주도 서귀포시 표선면 중산간동로 4726
284,주몽복분자주,리큐르 및 기타주류,국내산 쌀/ 국내산 복분자,16%,375ml,"2010 대한민국우리술품평회 최우수상 (기타주류 부문)

 2011 대한민국우리술품평회 우수상 (기타주류 부문)

 2014 대한민국우리술품평회 우수상 (기타주류 부문)",,복분자향/ 누룩향,적당한당도,,부드러움,숙취가없다,육류소금구이와 잘 어울린다.,,
285,주시락 복분자 막걸리,탁주,쌀/ 복분자,6%,750ml,2014 대한민국우리술품평회 장려상 (살균막걸리 부문),상큼한맛,,높은당도,낮은산도,청량감,,장어구이와 매우 잘 어울린다.,,"경기 가평군 하면 대보간선로 26, 29"
286,죽력고,증류주,"국내산쌀, 죽력, 누룩, 정제수",32%,700ml,시도무형문화재 전라북도 제6-3호,알싸한맛/상쾌한맛,대나무향/한약향/알코올향,낮은당도,,청량감,투명한황색/ 연록색,육회 또는 단맛이 살짝 도는 떡갈비와 같은 안주도 잘 어울린다.,,전북 정읍시 태인면 태흥리 392-1
287,줄포 생막걸리,탁주,쌀,6%,750ml,2014 대한민국우리술품평회 최우수상 (생막걸리 부문),감칠맛/쓴맛,과일향,낮은당도,낮은산도,청량감/부드러움,,"주꾸미볶음, 홍어무침과 잘 어울린다.",,
288,지리산 정담 생쌀 막걸리,탁주,쌀/ 종국/ 정제수/ 누룩/ 효모,6%,750ml,없음,순한맛/산뜻한맛/고소한맛,고소한향,낮은당도,낮은산도,부드러움,흰색,신선한 과일 샐러드와 잘 어울린다.,, 전라북도 남원시 운봉읍 황산로 1018
289,지리산 허브잎 술,탁주,쌀/ 종국/ 정제수/ 누룩/ 효모/ 허브,6%,750ml,없음,담백한맛,솔잎향/로즈메리향/라벤다향/깔끔한향/허브향/곡물향,낮은당도,낮은산도,청량감/부드러움/가벼움,노란색,닭갈비랑 잘 어울린다.,,전라북도 남원시 운봉읍 황산로 1018
290,지장수 호박막걸리,탁주,쌀/ 호박,6%,550ml,2014 대한민국우리술품평회 최우수상 (살균막걸리 부문),깔끔한맛/떫은맛,,낮은당도,낮은산도,부드러움/묵직함,노란색,두부김치와 잘 어울린다.,,
291,지평막걸리,탁주,쌀,5%,750ml,없음,깔끔한맛,쌀향,적당한당도,,청량감,아이보리색,아직 짝이 없어요!,,
292,진도홍주 루비콘,리큐르 및 기타주류,국내산 쌀/ 국내산 지초,40%,375ml / 500ml / 700ml,"2007 남북정상회담 만찬주 (40%)

 2010 대한민국우리술품평회 우수상 (40%

 리큐르 부문)",보리맛/ 쌀맛/ 누룩맛,보리향/ 쌀향/ 누룩향,,,부드러움,붉은색,"채소스틱, 돼지고기 샤브샤브와 잘 어울린다.",,전남 진도군 군내면 둔전리 98
293,진도홍주 아라리,리큐르 및 기타주류,국내산 쌀/ 국내산 지초,35%,375ml / 500ml / 700ml,"2011 대한민국우리술품평회 장려상 (35%

 리큐르 부문)",보리맛/ 쌀맛/ 누룩맛,보리향/ 쌀향/ 누룩향,,,부드러움,붉은색,"채소스틱, 돼지고기 샤브샤브와 잘 어울린다.",,전남 진도군 군내면 둔전리 98
294,"진도홍주, 만홍",증류주,"국내산 쌀, 국내산 지초",40%,400ml / 500ml,"2004 청와대 국가안전보장회의 기념주

 2005 한미우호의 밤 만찬주

 2013 대한민국우리술품평회 장려상 (38%

 일반증류주 부문)

 2014 대한민국우리술품평회 장려상 (38%

 일반증류주 부문)",깨끗한맛/향긋한맛/감칠맛,,낮은당도,,부드러움/청량감,붉은색,"두부스테이크, 문어회와 잘 어울린다.",,전남 진도군 군내면 둔전리 98
295,진심홍삼인삼주(19%),증류주,"국내산 쌀, 국내산 지초",19%,375ml,"2013 대한민국우리술품평회 최우수상 (19%

 일반증류주 부문)

 2014 대한민국우리술품평회 우수상 (19%

 일반증류주 부문)

 2014 SWSC 동상

 2014 IWSC 은상

 2014 Monde-selection 금상",,홍삼향/인삼향,,,부드러움,,"구절판, 삼겹살구이와 잘 어울린다.",,전라북도 진안군 진안읍 거북바위로3길 15-35
296,진심홍삼인삼주(38%),증류주,"국내산 쌀, 국내산 지초",38%,750ml,"2011 대한민국우리술품평회 최우수상 (38%

 일반증류주 부문)

 2012 대한민국우리술품평회 장려상 (38%

 일반증류주 부문)

2014 SWSC 동상

 2014 IWSC 은상

 2014 Monde-selection 금상",,홍삼향/인삼향,,,부드러움,,"구절판, 삼겹살구이와 잘 어울린다.",,전라북도 진안군 진안읍 거북바위로3길 15-35
297,진쾌남,리큐르 및 기타주류,국내산 쌀/ 밤/ 누룩/ 구기자/ 오미자/ 산수유/ 오가피/ 동충하초/ 정제수,25%,330ml,없음,약재맛/ 쓴맛,약재향,적당한당도,,깔끔함,,삼계탕 등 보양음식과 잘 어울린다.,,충남 공주시 사곡면 마곡사로 49
298,징기스칸,증류주,레드와인,40%,375ml,없음,깔끔한맛/ 감미로운맛,스모키향,,,,연갈색,굴 요리와 잘 어울립니다.,,경북 영천시 고경면 고도리 494-3
299,참동이 허브잎술,탁주,쌀/ 로즈마리 허브,6%,900ml,2011 대한민국우리술품평회 대상 (생막걸리 부문),,허브향,적당한당도,적당한산도,부드러움/묵직함,,굴전을 함께 먹으면 정말 잘 어울린다.,,
300,천마이야기 막걸리,탁주,쌀,6%,750ml,2014 대한민국우리술품평회 장려상 (생막걸리 부문),담백한맛,,낮은당도,낮은산도,청량감/부드러움/깔끔함,흰색,"도토리묵, 골뱅이무침과 잘 어울린다.",,
301,천매,과실주, 매실,30%, 600ml,없음,,매실향/알코올향,높은당도,높은산도,,,기름진 중국음식,,서울시 은평구 증산로7길 28-13
302,천비향 오양주 약주,"약주,청주",국내산 쌀/ 누룩,16%,500ml,"2018 대한민국 우리술 품평회' 약·청주 부문 대상 

  2016년 청와대 만찬주 선정",단맛/신맛,곡물향/아카시아향,적당한당도,적당한산도,부드러움/ 묵직함,황금빛,숯에 구운 소고기와 함께 마시면 좋다.,,경기 평택시 오성면 숙성뜰길 108
303,천비향 오양주 탁주,탁주,쌀/ 누룩,14%,500ml,없음,쓴맛,발효향/ 곡물향,적당한당도,적당한산도,부드러움/청량감,아이보리색,파스타 등 맛이 강하지 않은 면 요리와 잘 어울린다. 전류와 같은 한식과 매우 잘 어울린다.,,경기 평택시 오성면 숙성뜰길 108
304,천비향 화주,증류주,"국내산 쌀, 누룩",40%,375ml,없음,감칠맛/ 깔끔한맛/쌀맛,곡물향/ 훈연된향,,,부드러움,,오리 주물럭과 잘 어울린다.,,경기 평택시 오성면 숙성뜰길 108
305,천안연미주,"약주,청주",국내산 쌀,13%,375ml,"2011 대한민국우리술품평회 최우수상 (약주/청주 부문)

 2012 대한민국우리술품평회 장려상 (약주/청주 부문)

 2014 대한민국우리술품평회 우수상 (약주/청주 부문)",쓴맛,곡물향/ 인삼향,낮은당도,적당한산도,부드러움/ 청량감/ 깔끔함,,야채샐러드와 잘 어울린다.,,
306,천지향 증류주,증류주,국내산 복분자,40%,500ml,2012 대한민국우리술품평회 최우수상 (일반증류주 부문),,복분자향,,,부드러움,,삼겹살구이와 잘 어울린다.,,전라남도 함평군 신광면 신광중앙길 146-54
307,청명주,"약주,청주",국내산찹쌀 95%/ 누룩 5%,17%,500ml,"전통식품명인 제11호 임영순 시도무형문화재 충청남도 제30호

 2010 대한민국우리술품평회 우수상(약주/청주 부문)",감칠맛,과일향/찹쌀향,높은당도,높은산도,묵직함,감색,"흰살 생선인 대구, 동태, 민어, 숭어 등을 노릇하게 지져낸 담백한 생선전이 담백한 맛의 청명주와 어울리면 맛이 그만이다.",,충북 충주시 가금면 창동리 243
308,청명주 750,"약주,청주",찹쌀/누룩/소맥분,17%,750ml,없음,감칠맛/ 새콤한맛,과일향,적당한당도,적당한산도,묵직함,,"쏘가리, 메기, 잡어 등 진득한 국물의 민물고기 매운탕이 잘 어울린다. 수육 및 보쌈 등 비교적 담백한 고기류하고의 매칭도 좋다.",,충북 충주시 가금면 창동리 243
309,청세주,"약주,청주",국내산 쌀,18%,375ml,2013 대한민국우리술품평회 우수상 (약주/청주 부문),깔끔한맛,한약 특유의향,,,,,"제육볶음, 닭갈비구이와 잘 어울린다.",,
310,청양둔송구기주,"약주,청주",쌀/ 누룩/ 구기자/ 감초/ 두충껍질,16%,700ml,"전통식품명인 제11호 임영순 시도무형문화재 충청남도 제30호

 2010 대한민국우리술품평회 우수상(약주/청주 부문)",감칠맛/캬라멜맛,구기자향,적당한당도,낮은산도,묵직함,담황색,"양념된 고기류, 도라지나물이 잘 어울린다.",,충청남도 청양군 운곡면 광암리 819-1
311,청진주,"약주,청주",찹쌀/ 누룩/ 정제수,16%,375ml,없음,쓴맛,과일향/ 곡물향/ 버섯향,낮은당도,낮은산도,,황금빛,새우 소금구이와 잘 어울린다.,,경기도 가평군 가평읍 분자골로68번길 82
312,초선의 꿈,과실주,국내산 포도,12%, 375ml,없음,사과맛,장미향,높은당도,,부드러움/묵직함,,견과류,,충북 영동군 양강면 유점지촌길 75(여포와인농장)
313,추사 로제,과실주, 사과,12%, 375ml,없음,,과일향,적당한당도,,,,디저트류,,충남 예산군 고덕면 대몽로 107-25
314,추사 블루베리 와인,과실주,예산블루베리 60%/ 설탕/ 구연산/ 무수아황산/ 소르빈산칼륨,11%, 375ml,없음,,과일향,적당한당도,적당한산도,부드러운 목넘김,,블루베리 파이/사과 파이,,충남 예산군 고덕면 대몽로 107-25
315,추사 애플와인,과실주, 사과,12%, 375ml,없음,,과일향,적당한당도,적당한산도,부드러움,,닭백숙,,충남 예산군 고덕면 대몽로 107-25
316,추사40,증류주,사과,40%,500ml,없음,사과맛/ 깨끗한맛,바닐라향/ 초콜릿향/ 약재향,,,뜨거움,호박색,생굴과 잘 어울린다.,,충남 예산군 고덕면 대몽로 107-25
317,추사애플와인,과실주, 국내산 사과(예산),12%, 375ml,"2014 Monde-selection 동상

2014 SIWC 동상

2013 대한민국우리술품평회 최우수상

2012 대한민국우리술품평회 대상

2011 대한민국우리술품평회 장려상",,알코올향,높은당도,,,,기름이 적은 고기류,,
318,추성주,증류주,"국내산 쌀, 국내산 한약재",25%,350ml,전통식품명인 제22호 양대수,쌉쌀한맛/매운맛,약재향/달콤한향,적당한당도,적당한산도,부드러움,,"갈치조림, 죽순회무침와 잘 어울린다.",,전남 담양군 용면 추령로 29
319,쿨샷7.5,과실주, 복분자과실/ 주정/ 효모/ 구연산/ 정제수,7.50%, 300ml,없음,,복분자향,낮은당도,,,,디저트류,,전북 고창군 심원면 심원로 270-73
320,타미앙스,증류주,"국내산 쌀, 국내산 한약재",40%,500ml,"전통식품명인 제22호 양대수

 2013 대한민국우리술품평회 대상 (일반증류주 부문)

 2014 SWSC 금상2014 Monde-selection 금상",알싸한맛/한약재맛,한약재향/누룩향,,,부드러움,황금빛,"떡갈비, 양곱창구이와 잘 어울린다.",,전라남도 담양군 용면 추령로 29번지 (추성리662-5)
321,톡 한잔 소주,증류주,"국내산 보리, 쌀",30%,500ml,2014 대한민국우리술품평회 우수상 (증류식소주 부문),쓴맛/감칠맛/깔끔한맛,보리향,낮은당도,,부드러움,,"육류, 장어구이와 잘 어울린다.",,전남 영광군 대마면 동삼로 699
322,톡쏘는 고구마동동,탁주,쌀/ 정제수/ 입국/ 고구마 농축액/ 고구마 추출물 등,6%,750ml,없음,고구마맛/고소한맛,고구마향,높은당도,,청량감/부드러움,,"파전, 김치전 등 한식과 두루 잘 어울린다.",,"경기 가평군 하면 대보간선로 26, 29"
323,톡쏘는 막걸리,탁주,쌀,6%,750ml,"2010 소믈리에 햅쌀막걸리 품평회 1위선정

 2011 대한민국우리술품평회 우수상 (살균막걸리 부문)

 2011 농식품부 수출전진대회 건배주",감칠맛,,적당한당도,적당한산도,청량감,적은숙취,새우전과 녹두전 등 고소하지만 기름진 전류와 어울린다.,,"경기 가평군 하면 대보간선로 26, 29"
324,톡쏘는 알밤동동,탁주,쌀/ 정제수/ 입국/ 밤 농축액/ 밤 추출물 등,6%,750ml,없음,밤맛,,높은당도,낮은산도,청량감/부드러움,,특별한 안주 없이 술만 마셔도 맛있게 먹을 수 있는 술이다.,,"경기 가평군 하면 대보간선로 26, 29"
325,톡쏘는 옥수수동동,탁주,쌀/ 정제수/ 입국/ 옥수수 농축액/ 옥수수 추출물 등,6%,750ml,없음,,,높은당도,,부드러움,,한식과 두루 잘 어울린다.,,"경기 가평군 하면 대보간선로 26, 29"
326,티나(TINA),리큐르/기타주류,딸기(국내산),16%,750ml,2019 우리술품평회 기타주류 부문 우수상,죽력맛/딸기맛,상큼한향/딸기향,적당한당도,,,,아직 짝이 없어요!,, 전남 담양
327,편백숲 산소막걸리,탁주,쌀/ 사과농축액/누룩/올리고당/아스파탐,5%,750ml,없음,,바나나향/메론향,높은당도,낮은산도,부드러움,,"홍어삼합이나 보쌈, 부침이나 전류와도 잘 어울린다.",,전라남도 장성군 장섭읍 남양촌길 19
328,편백숲 산소막걸리 딸기 스파클링,탁주,찹쌀/ 멥쌀/ 누룩/ 딸기/ 올리고당,7%,940ml,없음,딸기맛/싱그러운맛,딸기향,높은당도,높은산도,가벼움/깔끔함,,"홍어삼합이나 보쌈, 부침이나 전류와도 잘 어울린다.",,전라남도 장성군 장섭읍 남양촌길 19
329,편백숲 산소막걸리 순수령,탁주,찹쌀/ 멥쌀/누룩,6%,750ml,없음,,과일향,적당한당도,낮은산도,부드러움,,"홍어삼합이나 보쌈, 부침이나 전류와도 잘 어울린다.",,전라남도 장성군 장섭읍 남양촌길 19
330,편백숲 산소막걸리 순수령 8%,탁주,찹쌀/ 멥살/ 누룩,8%,750ml,없음,시원한맛,과일향,적당한당도,낮은산도,묵직함,,"홍어삼합이나 보쌈, 부침이나 전류와도 잘 어울린다.",,전라남도 장성군 장섭읍 남양촌길 19
331,편백숲 산소막걸리 스파클링,탁주,찹쌀/ 멥쌀/누룩,7%,940ml,없음,고소한맛,과일향,높은당도,,청량감,,"홍어삼합이나 보쌈, 부침이나 전류와도 잘 어울린다.",,전라남도 장성군 장섭읍 남양촌길 19
332,포항불로주,증류주,국내산 쌀,"35%, 45%",35% ? 750ml / 45% ? 800ml,2010 대한민국우리술품평회 우수상 (증류식소주 부문),,,,,부드러움,투명함/적은숙취,소고기 육회와 잘 어울린다.,,경상북도 포항시 북구 청하면 소동리 720-2
333,풍정사계 춘,"약주,청주",국내산 찹쌀/ 향온곡,15%,500ml,"2017 대한민국 우리술품평회 약주·청주 부문 대상

 2016 우리술품평회 약주·청주 부문 최우수상",깔끔한맛,깔끔한향,낮은당도,적당한산도,깔끔함,,아직 짝이 없어요!,,경북 청도군 화양읍 화양로 51-2
334,프리미엄 애플와인 한스오차드,과실주, 국내산 사과,11%, 750ml,없음,,사과향,높은당도,,,,치즈류,,경북 의성군 단촌면 일직점곡로 755
335,필,증류주,고구마증류원액(여주산 100%),25%,375ml,없음,신선한맛,신선한향/ 고구마향,,,부드러움,,아직 짝이 없어요!,,"경기도 여주시 대신면 대신1로 120, 나호"
336,하얀연꽃 백련막걸리,탁주,쌀,7%,375ml,"2012 대한민국우리술품평회 대상 (살균막걸리 부문)

 2013 IWSC 동상

 2013 NYWSC 동상",깔끔한맛,,적당한당도,낮은산도,부드러움,,스테이크와 잘 어울린다.,,충남 당진시 신평면 신평로 813
337,하얀연꽃 백련맑은 술,"약주,청주",국내산 쌀/ 백련잎,12%,375ml / 750ml,2013 대한민국우리술품평회 장려상 (약주/청주 부문),고소한맛,수박향,낮은당도,낮은산도,묵직함,,훈제오리야채볶음이 잘 어울린다.,,
338,하얀연꽃 백련생막걸리,탁주, 백미/  백련잎,7%,375ml/750ml,없음,깊은맛/깔끔한맛,,적당한당도,적당한산도,깔끔함,,스테이크와 잘 어울린다.,,충남 당진시 신평면 신평로 813
339,하향주,"약주,청주",찹쌀,17%,750ml,시도무형문화재 대구광역시 제11호,,연꽃향,,,부드러움,,부드러운 나물안주와 잘 어울린다,,
340,한비 동충하초술,리큐르 및 기타주류,국내산 쌀/ 누룩/ 가시오가피 뿌리/ 동충하초/ 정제수,35%,"375ml, 705ml",없음,,산뜻한향/ 훈연나무향,적당한당도,,부드러움,옅은 호박색,삼계탕과 잘 어울린다.,,충북 제천시 봉양읍 북부로 5길 16-10
341,한비 무병장수술,리큐르 및 기타주류,국내산쌀/ 흑삼/ 인삼/ 오가피/ 오미자/ 구기자/  복분자/ 차전자/ 토사자/ 산수유,35%,"375ml, 750ml",없음,쓴맛,약재향,,,부드러움,짙은 호박색,추어탕과 잘 어울린다.,,충북 제천시 봉양읍 북부로 5길 16-10
342,한비 쌀소주,증류주,"국내산 쌀, 누룩, 정제수",40%,"375ml, 750ml",없음,산뜻한맛/고소한맛/ 깔끔한맛,,,낮은산도,부드러움,적은숙취,백숙과 잘 어울린다.,,충북 제천시 봉양읍 북부로 5길 16-10
343,한비 오가피술,증류주,"국내산 쌀, 누룩, 가시오가피 뿌리, 정제수",35%,"375ml, 750ml",없음,쓴맛,산뜻한향,,,부드러움,호박색/독하지않다,탕수육 등 기름진 중국음식과 잘 어울린다.,,충남 공주시 계룡면 여서울2길9
344,한비 유자술,리큐르 및 기타주류,쌀/ 유자,35%,750ml,없음,약재맛/ 그윽한맛,유자향,,,,가볍게 즐기기좋다,"보쌈, 버섯두부전골과 잘 어울린다.",,충북 제천시 봉양읍 북부로 5길 16-10
345,한비오가피술골드,리큐르 및 기타주류,국내산 쌀/ 국내산 오가피,35%,500ml,2013 대한민국우리술품평회 장려상 (리큐르 부문),순한맛,,,,부드러움,,"참치회, 새싹채소무침과 잘 어울린다.",,충청북도 제천시 봉양읍 북부로5길 16-10
346,한산소곡주(약주),"약주,청주",찹쌀/ 국내산 멥쌀,18%,700ml / 1800ml,"전통식품명인 제19호 우희열시도무형문화재 충청남도 제3호

 2001 농림부 한국전통식품 BEST 5선발대회 전통주 대상 수상

 2007 농식품 가공산업발전 유공자 대통령표창",감칠맛,달콤한향,,,부드러움,,미나리전과 잘 어울린다.,,
347,한산소곡주(증류주),리큐르 및 기타주류,국내산 쌀,43%,700ml,2014년 해외 주류품평회 몽드셀렉션 Spirit&Liqueurs 부문 금상,탄듯한맛/ 감칠맛,그을린향/ 감미로운향,,,,자극적이지 않다/ 맑고 투명,전골과 잘 어울린다.,,충남 서천군 한산면 충절로 1118
348,한스오차드 사과와인,과실주, 사과,11%, 750ml,없음,,사과향,적당한당도,적당한산도,,,치즈류/과일류,,경북 의성군 단촌면 일직점곡로 755
349,한주,증류주,"국내산 쌀,밀누룩, 정제수","35%, 45%",700ml,"2015 대한민국 우리술 품평회 최우수상  (증류식소주 부문)

 2014 대한민국우리술품평회 장려상 (증류식소주 부문)

 2010 대한민국우리술품평회 장려상 (증류식소주 부문)

 2013 대한민국우리술품평회 우수상 (증류식소주 부문)",감칠맛/ 깊은맛,,,,부드러움,맑은색,닭가슴살 구이와 잘 어울린다.,,경기도 안성시 서운면 신촌리 270-9
350,해남진양주,"약주,청주",국내산 찹쌀 (해남),16%,375ml,시도무형문화재 전라남도 제25호,,버섯향,적당한당도,낮은산도,부드러움,노란색,구절판과 잘 어울린다.,,
351,해창 생막걸리,탁주,햅쌀/ 찹쌀/ 물/ 누룩,"6%,9%,12%",900ml,없음,담백한맛/상큼한맛,,낮은당도,낮은산도,청량감,,해산물 등 담백한 음식,,전남 해남군 화산면 해창길 1
352,허니문,리큐르/기타주류,벌꿀(국내산),8%,375㎖,2018 우리술품평회 기타주류 부문 최우수상,깔끔한맛,벌꿀향,적당한당도,낮은산도,부드러움,황금빛,"한식, 파스타, 샐러드, 디저트(치즈, 과일, 케잌등)",,경기도양평
353,허니비,리큐르/기타주류,벌꿀(국내산),8%,500㎖,2018 우리술품평회 기타주류 부문 대상,산뜻한맛/깔끔한맛,달콤한향/벌꿀향,낮은당도,,부드러움,노란색,"한식, 파스타, 샐러드, 디저트(치즈, 과일, 케잌등)",,경기도양평
354,허니와인,리큐르 및 기타주류,국내산 벌꿀,8%,500ml,"2012 대한민국우리술품평회 대상 (기타주류 부문)

 2013 대한민국우리술품평회 대상 (기타주류 부문)

 2013 NYWSC 동상

 2014 대한민국우리술품평회 최우수상 (기타주류 부문)

 2014 Monde-selection 은상",,꿀향/ 달콤한향/꽃향/ 과일향,적당한당도,,부드러움/ 깔끔함,연한레몬색,"해물파스타, 베이컨 버섯말이와 잘 어울린다.",,
355,호담,리큐르 및 기타주류,산양산삼/ 정제수/ 주정,20%,300ml,없음,쓴맛,산양산삼향,,,,연한미색/ 편하게 마실수 있는 술,닭백숙과 잘 어울린다.,,경기도 광주시 퇴촌면 천진암로 684
356,호담 산양산삼 막걸리,탁주,쌀(경기미)/ 입국/ 산양산삼/ 정제수/ 아스파탐,6%,750ml,없음,진한맛/깔끔한맛,산양산삼향,,적당한산도,부드러움,흰색/적은숙취,김치전과 잘 어울린다.,,
357,호랑이배꼽,탁주,평택쌀/ 누룩/ 정제수/ 정백당,7%,"350mL, 750mL",없음,,구수한향/과일향,높은당도,낮은산도,가벼움/청량감,,호두바게트,,경기도 평택시 포승읍 충열길 37
358,호모루덴스,탁주,원재료:,12%,500ml,없음,깊은맛,청사과향,낮은당도,낮은산도,묵직함,,돼지 목살 숯불 구이와 잘 어울린다.,,강원도 홍천군 화촌면 야시대로 211-57
359,혼디주,과실주,제주산감귤/ 백설탕/ 구연산/ 무수아황산,12%, 330ml,없음,감칠맛,귤향,높은당도,높은산도,,,생선회/구이/해산물류/수육/보쌈,,제주특별자치도 서귀포시 남원읍 신례천로 46
360,홍천강 탁주,탁주,홍천쌀/ 정제수/ 국(밀 누룩),11%,500ml,없음,담백한맛,바닐라향,낮은당도,적당한산도,깔끔함,,아직 짝이 없어요!,,강원도 홍천군 내촌면 물걸리 508-2
361,화요,증류주,국내산 쌀,"41%, 25%, 17%",375ml / 500ml / 750ml,"2007 IWSC 우수상 (41%

 25%)

 2008 Monde-selection 금상 (41%

 25%)

 2010 대한민국우리술품평회 대상 (41%

 증류식소주 부문)

 2010 G20정상회의 시그니쳐 칵테일 베이스 선정 (41%)

 2012 대한민국우리술품평회 우수상(41%

 증류식소주 부문)",쌀맛/깨끗한맛,곡주향,,,부드러움,,"돼지머리편육,생선회,닭파산적과 잘 어울린다.",,경기도 여주시 가남읍 경충대로 848
362,화주,증류주,"국내산 쌀, 홍삼농축액, 정제수",25%,375ml,없음,알싸한맛/쓴맛,홍삼향/ 상뜻한향,낮은당도,,부드러움/ 깔끔함,옅은호박색,삼계탕과 잘 어울린다.,,충남 논산시 연무읍 마종로 361
363,황진이주,"약주,청주",국내산 오미자/ 국내산 산수유,13%,375ml,"2012 대한민국우리술품평회 최우수상 (약주/청주 부문)

 2013 대한민국우리술품평회 대상 (약주/청주 부문)

 2014 Monde-selection 금상

 2014 대한민국우리술품평회 최우수상 (약주/청주 부문)",오미자맛/ 산수유맛/ 곡물맛,상큼한향,낮은당도,낮은산도,청량감,붉은빛,"완자전, 생선전과 잘 어울린다.",,
